business_id,review_rating,review_date,elite_status
-0Ackw6MF82PXO9f9Jh_Kg,4,5/24/09,0
-0Ackw6MF82PXO9f9Jh_Kg,3,7/6/09,0
-0Ackw6MF82PXO9f9Jh_Kg,4,7/7/09,0
-0Ackw6MF82PXO9f9Jh_Kg,3,7/13/09,0
-0Ackw6MF82PXO9f9Jh_Kg,2,8/3/09,0
-0Ackw6MF82PXO9f9Jh_Kg,4,8/11/09,0
-0Ackw6MF82PXO9f9Jh_Kg,4,8/17/09,1
-0Ackw6MF82PXO9f9Jh_Kg,2,8/30/09,1
-0Ackw6MF82PXO9f9Jh_Kg,2,9/3/09,0
-0Ackw6MF82PXO9f9Jh_Kg,5,9/9/09,1
-0Ackw6MF82PXO9f9Jh_Kg,4,9/14/09,0
-0Ackw6MF82PXO9f9Jh_Kg,4,9/27/09,1
-0Ackw6MF82PXO9f9Jh_Kg,4,10/16/09,0
-0Ackw6MF82PXO9f9Jh_Kg,2,10/16/09,1
-0Ackw6MF82PXO9f9Jh_Kg,5,10/26/09,0
-0Ackw6MF82PXO9f9Jh_Kg,5,12/6/09,0
-0Ackw6MF82PXO9f9Jh_Kg,4,12/7/09,1
-0Ackw6MF82PXO9f9Jh_Kg,4,1/3/10,1
-0Ackw6MF82PXO9f9Jh_Kg,3,1/6/10,0
-0Ackw6MF82PXO9f9Jh_Kg,3,3/7/10,1
-0Ackw6MF82PXO9f9Jh_Kg,3,3/7/10,1
-0Ackw6MF82PXO9f9Jh_Kg,2,3/30/10,0
-0Ackw6MF82PXO9f9Jh_Kg,4,4/16/10,0
-0Ackw6MF82PXO9f9Jh_Kg,5,4/29/10,0
-0Ackw6MF82PXO9f9Jh_Kg,3,5/5/10,1
-0Ackw6MF82PXO9f9Jh_Kg,3,5/7/10,1
-0Ackw6MF82PXO9f9Jh_Kg,2,5/11/10,0
-0Ackw6MF82PXO9f9Jh_Kg,1,5/27/10,1
-0Ackw6MF82PXO9f9Jh_Kg,3,6/1/10,1
-0Ackw6MF82PXO9f9Jh_Kg,3,6/1/10,1
-0Ackw6MF82PXO9f9Jh_Kg,3,6/7/10,0
-0Ackw6MF82PXO9f9Jh_Kg,2,6/18/10,0
-0Ackw6MF82PXO9f9Jh_Kg,4,6/24/10,0
-0Ackw6MF82PXO9f9Jh_Kg,2,7/6/10,0
-0Ackw6MF82PXO9f9Jh_Kg,1,7/13/10,1
-0Ackw6MF82PXO9f9Jh_Kg,4,7/14/10,1
-0Ackw6MF82PXO9f9Jh_Kg,4,7/14/10,1
-0Ackw6MF82PXO9f9Jh_Kg,2,7/24/10,0
-0Ackw6MF82PXO9f9Jh_Kg,3,7/27/10,1
-0Ackw6MF82PXO9f9Jh_Kg,4,7/28/10,1
-0Ackw6MF82PXO9f9Jh_Kg,3,8/4/10,0
-0Ackw6MF82PXO9f9Jh_Kg,5,8/6/10,0
-0Ackw6MF82PXO9f9Jh_Kg,4,8/10/10,1
-0Ackw6MF82PXO9f9Jh_Kg,2,8/11/10,0
-0Ackw6MF82PXO9f9Jh_Kg,3,8/20/10,0
-0Ackw6MF82PXO9f9Jh_Kg,3,8/25/10,0
-0Ackw6MF82PXO9f9Jh_Kg,4,8/26/10,1
-0Ackw6MF82PXO9f9Jh_Kg,3,9/7/10,1
-0Ackw6MF82PXO9f9Jh_Kg,5,9/16/10,0
-0Ackw6MF82PXO9f9Jh_Kg,4,9/17/10,1
-0Ackw6MF82PXO9f9Jh_Kg,1,10/18/10,0
-0Ackw6MF82PXO9f9Jh_Kg,3,11/13/10,1
-0Ackw6MF82PXO9f9Jh_Kg,4,11/17/10,1
-0Ackw6MF82PXO9f9Jh_Kg,2,11/22/10,1
-0Ackw6MF82PXO9f9Jh_Kg,5,11/27/10,1
-0Ackw6MF82PXO9f9Jh_Kg,4,12/4/10,0
-0Ackw6MF82PXO9f9Jh_Kg,2,12/31/10,1
-0Ackw6MF82PXO9f9Jh_Kg,3,1/5/11,1
-0Ackw6MF82PXO9f9Jh_Kg,3,1/28/11,0
-0Ackw6MF82PXO9f9Jh_Kg,1,2/15/11,0
-0Ackw6MF82PXO9f9Jh_Kg,3,2/19/11,1
-0Ackw6MF82PXO9f9Jh_Kg,4,2/21/11,0
-0Ackw6MF82PXO9f9Jh_Kg,4,2/21/11,0
-0Ackw6MF82PXO9f9Jh_Kg,3,2/22/11,1
-0Ackw6MF82PXO9f9Jh_Kg,3,2/24/11,0
-0Ackw6MF82PXO9f9Jh_Kg,2,2/24/11,0
-0Ackw6MF82PXO9f9Jh_Kg,3,2/26/11,0
-0Ackw6MF82PXO9f9Jh_Kg,2,2/28/11,0
-0Ackw6MF82PXO9f9Jh_Kg,3,3/2/11,1
-0Ackw6MF82PXO9f9Jh_Kg,3,3/7/11,1
-0Ackw6MF82PXO9f9Jh_Kg,1,3/19/11,0
-0Ackw6MF82PXO9f9Jh_Kg,2,3/27/11,0
-0Ackw6MF82PXO9f9Jh_Kg,3,4/5/11,1
-0Ackw6MF82PXO9f9Jh_Kg,4,4/15/11,0
-0Ackw6MF82PXO9f9Jh_Kg,4,4/18/11,0
-0Ackw6MF82PXO9f9Jh_Kg,3,4/23/11,1
-0Ackw6MF82PXO9f9Jh_Kg,2,4/25/11,1
-0Ackw6MF82PXO9f9Jh_Kg,4,5/4/11,0
-0Ackw6MF82PXO9f9Jh_Kg,5,5/11/11,0
-0Ackw6MF82PXO9f9Jh_Kg,5,5/12/11,1
-0Ackw6MF82PXO9f9Jh_Kg,4,5/17/11,0
-0Ackw6MF82PXO9f9Jh_Kg,3,5/18/11,0
-0Ackw6MF82PXO9f9Jh_Kg,4,5/27/11,0
-0Ackw6MF82PXO9f9Jh_Kg,2,5/31/11,0
-0Ackw6MF82PXO9f9Jh_Kg,3,6/13/11,1
-0Ackw6MF82PXO9f9Jh_Kg,1,6/14/11,0
-0Ackw6MF82PXO9f9Jh_Kg,3,6/15/11,0
-0Ackw6MF82PXO9f9Jh_Kg,4,6/17/11,1
-0Ackw6MF82PXO9f9Jh_Kg,4,6/19/11,0
-0Ackw6MF82PXO9f9Jh_Kg,1,6/24/11,0
-0Ackw6MF82PXO9f9Jh_Kg,5,6/24/11,0
-0Ackw6MF82PXO9f9Jh_Kg,4,6/25/11,1
-0Ackw6MF82PXO9f9Jh_Kg,4,6/28/11,0
-0Ackw6MF82PXO9f9Jh_Kg,4,6/30/11,0
-0Ackw6MF82PXO9f9Jh_Kg,5,7/4/11,0
-0Ackw6MF82PXO9f9Jh_Kg,5,7/10/11,1
-0Ackw6MF82PXO9f9Jh_Kg,1,7/10/11,0
-0Ackw6MF82PXO9f9Jh_Kg,5,7/12/11,0
-0Ackw6MF82PXO9f9Jh_Kg,4,7/21/11,1
-0Ackw6MF82PXO9f9Jh_Kg,4,7/24/11,0
-0Ackw6MF82PXO9f9Jh_Kg,1,7/28/11,0
-0Ackw6MF82PXO9f9Jh_Kg,5,7/29/11,1
-0Ackw6MF82PXO9f9Jh_Kg,4,8/3/11,0
-0Ackw6MF82PXO9f9Jh_Kg,1,8/3/11,0
-0Ackw6MF82PXO9f9Jh_Kg,1,8/5/11,0
-0Ackw6MF82PXO9f9Jh_Kg,3,8/7/11,0
-0Ackw6MF82PXO9f9Jh_Kg,4,8/22/11,0
-0Ackw6MF82PXO9f9Jh_Kg,1,8/22/11,0
-0Ackw6MF82PXO9f9Jh_Kg,5,8/28/11,0
-0Ackw6MF82PXO9f9Jh_Kg,4,8/31/11,1
-0Ackw6MF82PXO9f9Jh_Kg,4,9/28/11,0
-0Ackw6MF82PXO9f9Jh_Kg,4,9/29/11,0
-0Ackw6MF82PXO9f9Jh_Kg,1,10/21/11,0
-0Ackw6MF82PXO9f9Jh_Kg,4,11/8/11,0
-0Ackw6MF82PXO9f9Jh_Kg,4,11/16/11,1
-0Ackw6MF82PXO9f9Jh_Kg,2,11/18/11,1
-0Ackw6MF82PXO9f9Jh_Kg,4,11/26/11,0
-0Ackw6MF82PXO9f9Jh_Kg,1,12/3/11,0
-0Ackw6MF82PXO9f9Jh_Kg,5,12/10/11,1
-0Ackw6MF82PXO9f9Jh_Kg,3,12/15/11,0
-0Ackw6MF82PXO9f9Jh_Kg,3,12/29/11,1
-0Ackw6MF82PXO9f9Jh_Kg,3,12/31/11,1
-0Ackw6MF82PXO9f9Jh_Kg,4,1/10/12,0
-0Ackw6MF82PXO9f9Jh_Kg,4,1/11/12,1
-0Ackw6MF82PXO9f9Jh_Kg,1,1/16/12,0
-0Ackw6MF82PXO9f9Jh_Kg,3,1/19/12,0
-0Ackw6MF82PXO9f9Jh_Kg,5,1/23/12,0
-0Ackw6MF82PXO9f9Jh_Kg,4,3/14/12,0
-0Ackw6MF82PXO9f9Jh_Kg,1,3/24/12,0
-0Ackw6MF82PXO9f9Jh_Kg,1,4/2/12,0
-0Ackw6MF82PXO9f9Jh_Kg,2,4/3/12,0
-0Ackw6MF82PXO9f9Jh_Kg,2,4/21/12,0
-0Ackw6MF82PXO9f9Jh_Kg,3,5/3/12,0
-0Ackw6MF82PXO9f9Jh_Kg,4,5/13/12,0
-0Ackw6MF82PXO9f9Jh_Kg,2,5/20/12,0
-0Ackw6MF82PXO9f9Jh_Kg,3,5/26/12,1
-0Ackw6MF82PXO9f9Jh_Kg,3,5/29/12,0
-0Ackw6MF82PXO9f9Jh_Kg,1,6/13/12,0
-0Ackw6MF82PXO9f9Jh_Kg,3,6/22/12,1
-0Ackw6MF82PXO9f9Jh_Kg,2,6/23/12,1
-0Ackw6MF82PXO9f9Jh_Kg,1,6/28/12,0
-0Ackw6MF82PXO9f9Jh_Kg,4,7/8/12,0
-0Ackw6MF82PXO9f9Jh_Kg,5,7/8/12,0
-0Ackw6MF82PXO9f9Jh_Kg,3,7/16/12,1
-0Ackw6MF82PXO9f9Jh_Kg,5,7/18/12,1
-0Ackw6MF82PXO9f9Jh_Kg,4,7/23/12,0
-0Ackw6MF82PXO9f9Jh_Kg,4,7/26/12,0
-0Ackw6MF82PXO9f9Jh_Kg,2,7/26/12,0
-0Ackw6MF82PXO9f9Jh_Kg,5,8/2/12,0
-0Ackw6MF82PXO9f9Jh_Kg,3,8/7/12,0
-0Ackw6MF82PXO9f9Jh_Kg,4,8/21/12,0
-0Ackw6MF82PXO9f9Jh_Kg,3,8/25/12,0
-0Ackw6MF82PXO9f9Jh_Kg,2,8/27/12,0
-0Ackw6MF82PXO9f9Jh_Kg,3,9/14/12,0
-0Ackw6MF82PXO9f9Jh_Kg,3,9/15/12,0
-0Ackw6MF82PXO9f9Jh_Kg,3,9/16/12,1
-0Ackw6MF82PXO9f9Jh_Kg,4,9/21/12,1
-0Ackw6MF82PXO9f9Jh_Kg,3,10/2/12,0
-0Ackw6MF82PXO9f9Jh_Kg,4,10/7/12,0
-0Ackw6MF82PXO9f9Jh_Kg,4,10/12/12,0
-0Ackw6MF82PXO9f9Jh_Kg,5,10/14/12,1
-0Ackw6MF82PXO9f9Jh_Kg,3,11/17/12,0
-0Ackw6MF82PXO9f9Jh_Kg,5,11/24/12,0
-0Ackw6MF82PXO9f9Jh_Kg,4,12/4/12,0
-0Ackw6MF82PXO9f9Jh_Kg,5,12/12/12,0
-0Ackw6MF82PXO9f9Jh_Kg,4,12/18/12,0
-0Ackw6MF82PXO9f9Jh_Kg,3,12/19/12,1
-0Ackw6MF82PXO9f9Jh_Kg,4,12/26/12,0
-0Ackw6MF82PXO9f9Jh_Kg,2,1/9/13,0
-0Ackw6MF82PXO9f9Jh_Kg,4,1/18/13,0
-0Ackw6MF82PXO9f9Jh_Kg,3,1/24/13,1
-0Ackw6MF82PXO9f9Jh_Kg,1,1/24/13,0
-0Ackw6MF82PXO9f9Jh_Kg,5,1/25/13,0
-0Ackw6MF82PXO9f9Jh_Kg,5,1/27/13,0
-0Ackw6MF82PXO9f9Jh_Kg,3,2/20/13,0
-0Ackw6MF82PXO9f9Jh_Kg,4,2/25/13,0
-0Ackw6MF82PXO9f9Jh_Kg,4,2/27/13,0
-0Ackw6MF82PXO9f9Jh_Kg,4,3/2/13,0
-0Ackw6MF82PXO9f9Jh_Kg,4,3/2/13,1
-0Ackw6MF82PXO9f9Jh_Kg,4,3/16/13,0
-0Ackw6MF82PXO9f9Jh_Kg,5,3/17/13,0
-0Ackw6MF82PXO9f9Jh_Kg,5,4/1/13,0
-0Ackw6MF82PXO9f9Jh_Kg,1,4/1/13,0
-0Ackw6MF82PXO9f9Jh_Kg,5,5/1/13,0
-0Ackw6MF82PXO9f9Jh_Kg,5,5/21/13,0
-0Ackw6MF82PXO9f9Jh_Kg,2,5/29/13,0
-0Ackw6MF82PXO9f9Jh_Kg,5,5/31/13,0
-0Ackw6MF82PXO9f9Jh_Kg,4,6/19/13,0
-0Ackw6MF82PXO9f9Jh_Kg,5,6/26/13,0
-0Ackw6MF82PXO9f9Jh_Kg,2,7/1/13,0
-0Ackw6MF82PXO9f9Jh_Kg,4,7/10/13,0
-0Ackw6MF82PXO9f9Jh_Kg,4,7/12/13,0
-0Ackw6MF82PXO9f9Jh_Kg,5,7/13/13,0
-0Ackw6MF82PXO9f9Jh_Kg,4,7/30/13,1
-0Ackw6MF82PXO9f9Jh_Kg,5,8/4/13,0
-0Ackw6MF82PXO9f9Jh_Kg,5,8/6/13,0
-0Ackw6MF82PXO9f9Jh_Kg,5,8/12/13,0
-0Ackw6MF82PXO9f9Jh_Kg,4,8/15/13,0
-0Ackw6MF82PXO9f9Jh_Kg,1,8/15/13,0
-0Ackw6MF82PXO9f9Jh_Kg,4,8/31/13,1
-0Ackw6MF82PXO9f9Jh_Kg,4,10/18/13,0
-0Ackw6MF82PXO9f9Jh_Kg,4,11/18/13,0
-0Ackw6MF82PXO9f9Jh_Kg,1,3/24/14,0
-0GkcDiIgVm0XzDZC8RFOg,2,4/21/06,0
-0GkcDiIgVm0XzDZC8RFOg,4,11/26/06,1
-0GkcDiIgVm0XzDZC8RFOg,3,5/10/07,1
-0GkcDiIgVm0XzDZC8RFOg,2,6/3/07,1
-0GkcDiIgVm0XzDZC8RFOg,2,4/29/08,0
-0GkcDiIgVm0XzDZC8RFOg,5,5/26/08,1
-0GkcDiIgVm0XzDZC8RFOg,4,8/16/08,1
-0GkcDiIgVm0XzDZC8RFOg,4,9/12/08,0
-0GkcDiIgVm0XzDZC8RFOg,4,10/21/08,0
-0GkcDiIgVm0XzDZC8RFOg,3,10/26/08,1
-0GkcDiIgVm0XzDZC8RFOg,4,2/22/09,0
-0GkcDiIgVm0XzDZC8RFOg,4,3/18/09,1
-0GkcDiIgVm0XzDZC8RFOg,3,3/19/09,0
-0GkcDiIgVm0XzDZC8RFOg,3,3/28/09,0
-0GkcDiIgVm0XzDZC8RFOg,3,4/18/09,0
-0GkcDiIgVm0XzDZC8RFOg,5,4/18/09,0
-0GkcDiIgVm0XzDZC8RFOg,4,5/13/09,1
-0GkcDiIgVm0XzDZC8RFOg,5,5/29/09,1
-0GkcDiIgVm0XzDZC8RFOg,4,10/3/09,0
-0GkcDiIgVm0XzDZC8RFOg,5,10/17/09,1
-0GkcDiIgVm0XzDZC8RFOg,2,12/22/09,1
-0GkcDiIgVm0XzDZC8RFOg,5,3/4/10,0
-0GkcDiIgVm0XzDZC8RFOg,3,3/5/10,0
-0GkcDiIgVm0XzDZC8RFOg,4,3/29/10,1
-0GkcDiIgVm0XzDZC8RFOg,4,4/10/10,0
-0GkcDiIgVm0XzDZC8RFOg,2,6/25/10,1
-0GkcDiIgVm0XzDZC8RFOg,4,8/22/10,0
-0GkcDiIgVm0XzDZC8RFOg,2,9/10/10,0
-0GkcDiIgVm0XzDZC8RFOg,3,9/14/10,0
-0GkcDiIgVm0XzDZC8RFOg,4,9/29/10,1
-0GkcDiIgVm0XzDZC8RFOg,3,1/7/11,0
-0GkcDiIgVm0XzDZC8RFOg,4,2/12/11,0
-0GkcDiIgVm0XzDZC8RFOg,4,2/17/11,0
-0GkcDiIgVm0XzDZC8RFOg,3,3/4/11,1
-0GkcDiIgVm0XzDZC8RFOg,5,3/9/11,0
-0GkcDiIgVm0XzDZC8RFOg,4,3/23/11,0
-0GkcDiIgVm0XzDZC8RFOg,5,5/15/11,0
-0GkcDiIgVm0XzDZC8RFOg,4,5/30/11,0
-0GkcDiIgVm0XzDZC8RFOg,4,6/8/11,0
-0GkcDiIgVm0XzDZC8RFOg,3,6/15/11,1
-0GkcDiIgVm0XzDZC8RFOg,5,7/22/11,0
-0GkcDiIgVm0XzDZC8RFOg,3,8/1/11,0
-0GkcDiIgVm0XzDZC8RFOg,2,8/5/11,0
-0GkcDiIgVm0XzDZC8RFOg,4,8/19/11,0
-0GkcDiIgVm0XzDZC8RFOg,5,8/20/11,0
-0GkcDiIgVm0XzDZC8RFOg,2,9/16/11,0
-0GkcDiIgVm0XzDZC8RFOg,3,11/15/11,1
-0GkcDiIgVm0XzDZC8RFOg,5,11/19/11,0
-0GkcDiIgVm0XzDZC8RFOg,4,12/15/11,0
-0GkcDiIgVm0XzDZC8RFOg,4,3/5/12,1
-0GkcDiIgVm0XzDZC8RFOg,3,5/25/12,0
-0GkcDiIgVm0XzDZC8RFOg,4,5/28/12,0
-0GkcDiIgVm0XzDZC8RFOg,2,6/9/12,0
-0GkcDiIgVm0XzDZC8RFOg,4,7/7/12,1
-0GkcDiIgVm0XzDZC8RFOg,4,9/2/12,0
-0GkcDiIgVm0XzDZC8RFOg,4,9/10/12,0
-0GkcDiIgVm0XzDZC8RFOg,4,9/19/12,1
-0GkcDiIgVm0XzDZC8RFOg,5,11/13/12,1
-0GkcDiIgVm0XzDZC8RFOg,3,12/3/12,0
-0GkcDiIgVm0XzDZC8RFOg,4,12/18/12,0
-0GkcDiIgVm0XzDZC8RFOg,5,3/2/13,0
-0GkcDiIgVm0XzDZC8RFOg,4,3/13/13,0
-0GkcDiIgVm0XzDZC8RFOg,5,5/14/13,0
-0GkcDiIgVm0XzDZC8RFOg,5,5/15/13,0
-0GkcDiIgVm0XzDZC8RFOg,4,7/26/13,0
-0GkcDiIgVm0XzDZC8RFOg,4,7/30/13,0
-0GkcDiIgVm0XzDZC8RFOg,4,7/31/13,1
-0GkcDiIgVm0XzDZC8RFOg,3,9/3/13,1
-0GkcDiIgVm0XzDZC8RFOg,5,9/6/13,1
-0GkcDiIgVm0XzDZC8RFOg,1,10/20/13,0
-0GkcDiIgVm0XzDZC8RFOg,5,1/3/14,0
-0GkcDiIgVm0XzDZC8RFOg,4,3/4/14,0
-0GkcDiIgVm0XzDZC8RFOg,4,3/27/14,1
-0GkcDiIgVm0XzDZC8RFOg,2,4/6/14,0
-0GkcDiIgVm0XzDZC8RFOg,4,4/8/14,0
-0GkcDiIgVm0XzDZC8RFOg,4,4/8/14,1
-0GkcDiIgVm0XzDZC8RFOg,5,4/24/14,0
-0GkcDiIgVm0XzDZC8RFOg,4,4/28/14,0
-0GkcDiIgVm0XzDZC8RFOg,1,5/4/14,0
-0GkcDiIgVm0XzDZC8RFOg,4,5/12/14,0
-0GkcDiIgVm0XzDZC8RFOg,4,8/16/14,1
-0GkcDiIgVm0XzDZC8RFOg,4,8/19/14,1
-0GkcDiIgVm0XzDZC8RFOg,1,9/5/14,0
-0GkcDiIgVm0XzDZC8RFOg,4,9/14/14,0
-0GkcDiIgVm0XzDZC8RFOg,3,10/21/14,1
-0GkcDiIgVm0XzDZC8RFOg,2,11/25/14,1
-0GkcDiIgVm0XzDZC8RFOg,4,1/26/15,0
-0GkcDiIgVm0XzDZC8RFOg,4,2/22/15,0
-0GkcDiIgVm0XzDZC8RFOg,4,2/23/15,0
-0GkcDiIgVm0XzDZC8RFOg,2,3/20/15,0
-0GkcDiIgVm0XzDZC8RFOg,4,5/2/15,1
-0GkcDiIgVm0XzDZC8RFOg,5,5/14/15,0
-0GkcDiIgVm0XzDZC8RFOg,3,5/24/15,1
-0GkcDiIgVm0XzDZC8RFOg,2,7/11/15,0
-0GkcDiIgVm0XzDZC8RFOg,4,7/12/15,0
-0GkcDiIgVm0XzDZC8RFOg,3,7/12/15,0
-0GkcDiIgVm0XzDZC8RFOg,5,7/20/15,0
-0GkcDiIgVm0XzDZC8RFOg,5,7/22/15,0
-0GkcDiIgVm0XzDZC8RFOg,2,7/28/15,0
-0GkcDiIgVm0XzDZC8RFOg,2,8/19/15,0
-0GkcDiIgVm0XzDZC8RFOg,1,8/21/15,0
-0GkcDiIgVm0XzDZC8RFOg,3,8/23/15,1
-0GkcDiIgVm0XzDZC8RFOg,5,8/30/15,0
-0GkcDiIgVm0XzDZC8RFOg,5,9/22/15,0
-0GkcDiIgVm0XzDZC8RFOg,4,10/14/15,0
-0GkcDiIgVm0XzDZC8RFOg,4,10/21/15,0
-0GkcDiIgVm0XzDZC8RFOg,4,10/24/15,0
-0GkcDiIgVm0XzDZC8RFOg,5,11/19/15,0
-0GkcDiIgVm0XzDZC8RFOg,4,12/20/15,0
-1bOb2izeJBZjHC7NWxiPA,4,2/12/06,1
-1bOb2izeJBZjHC7NWxiPA,4,3/7/07,1
-1bOb2izeJBZjHC7NWxiPA,1,7/16/07,0
-1bOb2izeJBZjHC7NWxiPA,3,9/30/07,0
-1bOb2izeJBZjHC7NWxiPA,2,10/15/07,1
-1bOb2izeJBZjHC7NWxiPA,4,12/23/07,0
-1bOb2izeJBZjHC7NWxiPA,4,4/12/08,0
-1bOb2izeJBZjHC7NWxiPA,4,7/2/08,0
-1bOb2izeJBZjHC7NWxiPA,4,11/24/08,1
-1bOb2izeJBZjHC7NWxiPA,3,5/4/09,1
-1bOb2izeJBZjHC7NWxiPA,4,6/8/09,0
-1bOb2izeJBZjHC7NWxiPA,5,8/26/09,0
-1bOb2izeJBZjHC7NWxiPA,3,9/26/09,1
-1bOb2izeJBZjHC7NWxiPA,4,9/27/09,0
-1bOb2izeJBZjHC7NWxiPA,1,11/8/09,0
-1bOb2izeJBZjHC7NWxiPA,3,1/22/10,1
-1bOb2izeJBZjHC7NWxiPA,4,6/5/10,0
-1bOb2izeJBZjHC7NWxiPA,2,6/22/10,1
-1bOb2izeJBZjHC7NWxiPA,4,8/22/10,1
-1bOb2izeJBZjHC7NWxiPA,3,8/26/10,0
-1bOb2izeJBZjHC7NWxiPA,2,9/30/10,1
-1bOb2izeJBZjHC7NWxiPA,4,1/12/11,0
-1bOb2izeJBZjHC7NWxiPA,4,2/4/11,0
-1bOb2izeJBZjHC7NWxiPA,3,3/14/11,1
-1bOb2izeJBZjHC7NWxiPA,4,3/16/11,1
-1bOb2izeJBZjHC7NWxiPA,5,4/17/11,1
-1bOb2izeJBZjHC7NWxiPA,2,5/7/11,1
-1bOb2izeJBZjHC7NWxiPA,3,7/25/11,1
-1bOb2izeJBZjHC7NWxiPA,4,8/15/11,0
-1bOb2izeJBZjHC7NWxiPA,4,8/18/11,0
-1bOb2izeJBZjHC7NWxiPA,4,11/28/11,0
-1bOb2izeJBZjHC7NWxiPA,4,3/22/12,1
-1bOb2izeJBZjHC7NWxiPA,2,4/12/12,0
-1bOb2izeJBZjHC7NWxiPA,2,4/26/12,1
-1bOb2izeJBZjHC7NWxiPA,5,4/28/12,0
-1bOb2izeJBZjHC7NWxiPA,5,5/5/12,0
-1bOb2izeJBZjHC7NWxiPA,4,6/15/12,0
-1bOb2izeJBZjHC7NWxiPA,3,8/5/12,0
-1bOb2izeJBZjHC7NWxiPA,3,11/4/12,0
-1bOb2izeJBZjHC7NWxiPA,4,12/29/12,1
-1bOb2izeJBZjHC7NWxiPA,5,1/17/13,0
-1bOb2izeJBZjHC7NWxiPA,4,1/20/13,1
-1bOb2izeJBZjHC7NWxiPA,4,1/24/13,1
-1bOb2izeJBZjHC7NWxiPA,5,1/28/13,0
-1bOb2izeJBZjHC7NWxiPA,4,3/14/13,1
-1bOb2izeJBZjHC7NWxiPA,4,3/20/13,0
-1bOb2izeJBZjHC7NWxiPA,5,4/12/13,1
-1bOb2izeJBZjHC7NWxiPA,4,5/3/13,1
-1bOb2izeJBZjHC7NWxiPA,4,7/2/13,1
-1bOb2izeJBZjHC7NWxiPA,5,7/19/13,0
-1bOb2izeJBZjHC7NWxiPA,5,7/27/13,0
-1bOb2izeJBZjHC7NWxiPA,5,8/6/13,0
-1bOb2izeJBZjHC7NWxiPA,4,8/10/13,1
-1bOb2izeJBZjHC7NWxiPA,1,8/18/13,0
-1bOb2izeJBZjHC7NWxiPA,5,9/6/13,0
-1bOb2izeJBZjHC7NWxiPA,5,10/16/13,0
-1bOb2izeJBZjHC7NWxiPA,5,11/19/13,0
-1bOb2izeJBZjHC7NWxiPA,2,12/8/13,0
-1bOb2izeJBZjHC7NWxiPA,4,12/16/13,0
-1bOb2izeJBZjHC7NWxiPA,4,12/17/13,0
-1bOb2izeJBZjHC7NWxiPA,4,12/22/13,0
-1bOb2izeJBZjHC7NWxiPA,5,12/28/13,0
-1bOb2izeJBZjHC7NWxiPA,5,1/12/14,0
-1bOb2izeJBZjHC7NWxiPA,4,1/21/14,1
-1bOb2izeJBZjHC7NWxiPA,4,2/26/14,0
-1bOb2izeJBZjHC7NWxiPA,4,4/23/14,1
-1bOb2izeJBZjHC7NWxiPA,4,4/23/14,0
-1bOb2izeJBZjHC7NWxiPA,5,5/9/14,0
-1bOb2izeJBZjHC7NWxiPA,5,5/10/14,0
-1bOb2izeJBZjHC7NWxiPA,4,5/10/14,0
-1bOb2izeJBZjHC7NWxiPA,4,7/17/14,0
-1bOb2izeJBZjHC7NWxiPA,5,11/4/14,0
-1bOb2izeJBZjHC7NWxiPA,4,11/8/14,0
-1bOb2izeJBZjHC7NWxiPA,3,11/22/14,0
-1bOb2izeJBZjHC7NWxiPA,5,12/14/14,0
-1bOb2izeJBZjHC7NWxiPA,4,12/18/14,0
-1bOb2izeJBZjHC7NWxiPA,4,12/20/14,0
-1bOb2izeJBZjHC7NWxiPA,5,1/4/15,0
-1bOb2izeJBZjHC7NWxiPA,5,1/10/15,0
-1bOb2izeJBZjHC7NWxiPA,4,1/17/15,1
-1bOb2izeJBZjHC7NWxiPA,5,2/1/15,0
-1bOb2izeJBZjHC7NWxiPA,4,2/3/15,0
-1bOb2izeJBZjHC7NWxiPA,5,2/4/15,0
-1bOb2izeJBZjHC7NWxiPA,5,2/20/15,0
-1bOb2izeJBZjHC7NWxiPA,3,3/9/15,0
-1bOb2izeJBZjHC7NWxiPA,5,3/13/15,0
-1bOb2izeJBZjHC7NWxiPA,5,3/20/15,0
-1bOb2izeJBZjHC7NWxiPA,4,3/22/15,1
-1bOb2izeJBZjHC7NWxiPA,5,4/3/15,0
-1bOb2izeJBZjHC7NWxiPA,5,5/2/15,0
-1bOb2izeJBZjHC7NWxiPA,5,5/7/15,0
-1bOb2izeJBZjHC7NWxiPA,3,5/23/15,0
-1bOb2izeJBZjHC7NWxiPA,5,6/6/15,0
-1bOb2izeJBZjHC7NWxiPA,5,6/16/15,0
-1bOb2izeJBZjHC7NWxiPA,5,6/28/15,0
-1bOb2izeJBZjHC7NWxiPA,1,7/4/15,0
-1bOb2izeJBZjHC7NWxiPA,4,7/18/15,0
-1bOb2izeJBZjHC7NWxiPA,5,8/3/15,0
-1bOb2izeJBZjHC7NWxiPA,5,8/12/15,0
-1bOb2izeJBZjHC7NWxiPA,5,8/20/15,0
-1bOb2izeJBZjHC7NWxiPA,5,9/8/15,0
-1bOb2izeJBZjHC7NWxiPA,5,9/30/15,1
-1bOb2izeJBZjHC7NWxiPA,3,10/13/15,0
-1bOb2izeJBZjHC7NWxiPA,3,10/23/15,0
-1bOb2izeJBZjHC7NWxiPA,5,10/29/15,0
-1bOb2izeJBZjHC7NWxiPA,5,11/19/15,1
-1bOb2izeJBZjHC7NWxiPA,5,11/26/15,0
-1ERbsOf9XOC9wGbZYFr7g,4,11/2/13,0
-1ERbsOf9XOC9wGbZYFr7g,1,11/3/13,0
-1ERbsOf9XOC9wGbZYFr7g,1,11/3/13,0
-1ERbsOf9XOC9wGbZYFr7g,5,11/4/13,0
-1ERbsOf9XOC9wGbZYFr7g,5,11/4/13,0
-1ERbsOf9XOC9wGbZYFr7g,1,11/5/13,0
-1ERbsOf9XOC9wGbZYFr7g,5,11/6/13,0
-1ERbsOf9XOC9wGbZYFr7g,5,11/11/13,0
-1ERbsOf9XOC9wGbZYFr7g,5,11/11/13,0
-1ERbsOf9XOC9wGbZYFr7g,5,11/12/13,0
-1ERbsOf9XOC9wGbZYFr7g,4,11/14/13,0
-1ERbsOf9XOC9wGbZYFr7g,5,11/15/13,0
-1ERbsOf9XOC9wGbZYFr7g,4,11/16/13,0
-1ERbsOf9XOC9wGbZYFr7g,5,11/16/13,0
-1ERbsOf9XOC9wGbZYFr7g,4,11/19/13,1
-1ERbsOf9XOC9wGbZYFr7g,5,11/20/13,0
-1ERbsOf9XOC9wGbZYFr7g,3,11/21/13,0
-1ERbsOf9XOC9wGbZYFr7g,4,11/22/13,0
-1ERbsOf9XOC9wGbZYFr7g,2,12/1/13,0
-1ERbsOf9XOC9wGbZYFr7g,5,12/3/13,0
-1ERbsOf9XOC9wGbZYFr7g,4,12/4/13,0
-1ERbsOf9XOC9wGbZYFr7g,1,12/4/13,0
-1ERbsOf9XOC9wGbZYFr7g,3,12/6/13,0
-1ERbsOf9XOC9wGbZYFr7g,2,12/7/13,0
-1ERbsOf9XOC9wGbZYFr7g,4,12/8/13,0
-1ERbsOf9XOC9wGbZYFr7g,4,12/15/13,1
-1ERbsOf9XOC9wGbZYFr7g,4,12/27/13,0
-1ERbsOf9XOC9wGbZYFr7g,4,12/27/13,0
-1ERbsOf9XOC9wGbZYFr7g,1,12/30/13,0
-1ERbsOf9XOC9wGbZYFr7g,5,1/5/14,0
-1ERbsOf9XOC9wGbZYFr7g,5,1/6/14,0
-1ERbsOf9XOC9wGbZYFr7g,5,1/8/14,0
-1ERbsOf9XOC9wGbZYFr7g,5,1/10/14,0
-1ERbsOf9XOC9wGbZYFr7g,3,1/12/14,1
-1ERbsOf9XOC9wGbZYFr7g,5,1/15/14,0
-1ERbsOf9XOC9wGbZYFr7g,1,1/18/14,0
-1ERbsOf9XOC9wGbZYFr7g,3,1/20/14,0
-1ERbsOf9XOC9wGbZYFr7g,3,1/21/14,1
-1ERbsOf9XOC9wGbZYFr7g,1,1/23/14,0
-1ERbsOf9XOC9wGbZYFr7g,2,1/24/14,0
-1ERbsOf9XOC9wGbZYFr7g,1,1/25/14,0
-1ERbsOf9XOC9wGbZYFr7g,4,1/27/14,1
-1ERbsOf9XOC9wGbZYFr7g,2,1/28/14,0
-1ERbsOf9XOC9wGbZYFr7g,1,2/16/14,0
-1ERbsOf9XOC9wGbZYFr7g,4,2/18/14,0
-1ERbsOf9XOC9wGbZYFr7g,4,3/4/14,0
-1ERbsOf9XOC9wGbZYFr7g,1,3/8/14,0
-1ERbsOf9XOC9wGbZYFr7g,3,3/10/14,0
-1ERbsOf9XOC9wGbZYFr7g,1,3/11/14,0
-1ERbsOf9XOC9wGbZYFr7g,1,3/13/14,0
-1ERbsOf9XOC9wGbZYFr7g,1,3/18/14,0
-1ERbsOf9XOC9wGbZYFr7g,3,3/21/14,0
-1ERbsOf9XOC9wGbZYFr7g,2,3/21/14,0
-1ERbsOf9XOC9wGbZYFr7g,2,3/21/14,0
-1ERbsOf9XOC9wGbZYFr7g,5,3/28/14,0
-1ERbsOf9XOC9wGbZYFr7g,5,3/28/14,0
-1ERbsOf9XOC9wGbZYFr7g,5,3/30/14,0
-1ERbsOf9XOC9wGbZYFr7g,3,3/31/14,0
-1ERbsOf9XOC9wGbZYFr7g,4,4/1/14,0
-1ERbsOf9XOC9wGbZYFr7g,4,4/4/14,1
-1ERbsOf9XOC9wGbZYFr7g,1,4/6/14,0
-1ERbsOf9XOC9wGbZYFr7g,5,4/6/14,0
-1ERbsOf9XOC9wGbZYFr7g,5,4/12/14,1
-1ERbsOf9XOC9wGbZYFr7g,2,4/13/14,0
-1ERbsOf9XOC9wGbZYFr7g,4,4/13/14,0
-1ERbsOf9XOC9wGbZYFr7g,3,4/14/14,1
-1ERbsOf9XOC9wGbZYFr7g,5,4/14/14,0
-1ERbsOf9XOC9wGbZYFr7g,3,4/19/14,0
-1ERbsOf9XOC9wGbZYFr7g,5,4/23/14,0
-1ERbsOf9XOC9wGbZYFr7g,1,4/29/14,0
-1ERbsOf9XOC9wGbZYFr7g,3,5/5/14,0
-1ERbsOf9XOC9wGbZYFr7g,3,5/9/14,0
-1ERbsOf9XOC9wGbZYFr7g,5,5/17/14,0
-1ERbsOf9XOC9wGbZYFr7g,5,5/19/14,0
-1ERbsOf9XOC9wGbZYFr7g,2,5/21/14,0
-1ERbsOf9XOC9wGbZYFr7g,5,5/25/14,0
-1ERbsOf9XOC9wGbZYFr7g,5,5/25/14,1
-1ERbsOf9XOC9wGbZYFr7g,1,5/26/14,1
-1ERbsOf9XOC9wGbZYFr7g,5,5/26/14,0
-1ERbsOf9XOC9wGbZYFr7g,4,5/29/14,0
-1ERbsOf9XOC9wGbZYFr7g,5,5/31/14,0
-1ERbsOf9XOC9wGbZYFr7g,3,6/1/14,0
-1ERbsOf9XOC9wGbZYFr7g,1,6/4/14,0
-1ERbsOf9XOC9wGbZYFr7g,1,6/4/14,0
-1ERbsOf9XOC9wGbZYFr7g,3,6/5/14,1
-1ERbsOf9XOC9wGbZYFr7g,1,6/7/14,0
-1ERbsOf9XOC9wGbZYFr7g,1,6/14/14,0
-1ERbsOf9XOC9wGbZYFr7g,4,6/14/14,0
-1ERbsOf9XOC9wGbZYFr7g,3,6/16/14,1
-1ERbsOf9XOC9wGbZYFr7g,2,6/17/14,0
-1ERbsOf9XOC9wGbZYFr7g,2,6/19/14,0
-1ERbsOf9XOC9wGbZYFr7g,1,6/21/14,0
-1ERbsOf9XOC9wGbZYFr7g,4,6/22/14,0
-1ERbsOf9XOC9wGbZYFr7g,2,6/24/14,0
-1ERbsOf9XOC9wGbZYFr7g,2,6/24/14,0
-1ERbsOf9XOC9wGbZYFr7g,2,6/26/14,0
-1ERbsOf9XOC9wGbZYFr7g,3,6/30/14,0
-1ERbsOf9XOC9wGbZYFr7g,4,7/10/14,0
-1ERbsOf9XOC9wGbZYFr7g,4,7/10/14,0
-1ERbsOf9XOC9wGbZYFr7g,2,7/18/14,0
-1ERbsOf9XOC9wGbZYFr7g,4,7/29/14,0
-1ERbsOf9XOC9wGbZYFr7g,2,8/15/14,0
-1ERbsOf9XOC9wGbZYFr7g,2,8/19/14,0
-1ERbsOf9XOC9wGbZYFr7g,4,8/20/14,1
-1ERbsOf9XOC9wGbZYFr7g,4,8/20/14,1
-1ERbsOf9XOC9wGbZYFr7g,1,8/31/14,0
-1ERbsOf9XOC9wGbZYFr7g,4,9/7/14,0
-1ERbsOf9XOC9wGbZYFr7g,4,9/10/14,0
-1ERbsOf9XOC9wGbZYFr7g,2,9/10/14,0
-1ERbsOf9XOC9wGbZYFr7g,2,9/19/14,0
-1ERbsOf9XOC9wGbZYFr7g,2,9/19/14,0
-1ERbsOf9XOC9wGbZYFr7g,4,10/1/14,0
-1ERbsOf9XOC9wGbZYFr7g,4,10/6/14,0
-1ERbsOf9XOC9wGbZYFr7g,4,10/17/14,0
-1ERbsOf9XOC9wGbZYFr7g,1,11/2/14,0
-1ERbsOf9XOC9wGbZYFr7g,5,11/8/14,0
-1ERbsOf9XOC9wGbZYFr7g,1,11/9/14,0
-1ERbsOf9XOC9wGbZYFr7g,2,11/10/14,0
-1ERbsOf9XOC9wGbZYFr7g,5,11/11/14,0
-1ERbsOf9XOC9wGbZYFr7g,1,11/14/14,0
-1ERbsOf9XOC9wGbZYFr7g,1,11/18/14,0
-1ERbsOf9XOC9wGbZYFr7g,4,11/20/14,0
-1ERbsOf9XOC9wGbZYFr7g,5,11/20/14,0
-1ERbsOf9XOC9wGbZYFr7g,4,11/23/14,0
-1ERbsOf9XOC9wGbZYFr7g,5,11/27/14,0
-1ERbsOf9XOC9wGbZYFr7g,5,12/1/14,0
-1ERbsOf9XOC9wGbZYFr7g,5,12/9/14,1
-1ERbsOf9XOC9wGbZYFr7g,1,12/9/14,0
-1ERbsOf9XOC9wGbZYFr7g,3,12/14/14,1
-1ERbsOf9XOC9wGbZYFr7g,4,12/29/14,0
-1ERbsOf9XOC9wGbZYFr7g,4,1/13/15,0
-1ERbsOf9XOC9wGbZYFr7g,1,2/8/15,1
-1ERbsOf9XOC9wGbZYFr7g,2,2/21/15,0
-1ERbsOf9XOC9wGbZYFr7g,5,2/25/15,0
-1ERbsOf9XOC9wGbZYFr7g,1,3/13/15,0
-1ERbsOf9XOC9wGbZYFr7g,1,3/14/15,0
-1ERbsOf9XOC9wGbZYFr7g,3,4/2/15,0
-1ERbsOf9XOC9wGbZYFr7g,5,4/3/15,0
-1ERbsOf9XOC9wGbZYFr7g,5,4/21/15,0
-1ERbsOf9XOC9wGbZYFr7g,5,5/1/15,0
-1ERbsOf9XOC9wGbZYFr7g,4,5/25/15,0
-1ERbsOf9XOC9wGbZYFr7g,1,7/11/15,0
-1ERbsOf9XOC9wGbZYFr7g,1,7/27/15,0
-1ERbsOf9XOC9wGbZYFr7g,2,7/29/15,0
-1ERbsOf9XOC9wGbZYFr7g,5,8/2/15,0
-1ERbsOf9XOC9wGbZYFr7g,5,8/12/15,0
-1ERbsOf9XOC9wGbZYFr7g,5,8/19/15,0
-1ERbsOf9XOC9wGbZYFr7g,5,8/21/15,0
-1ERbsOf9XOC9wGbZYFr7g,4,8/24/15,0
-1ERbsOf9XOC9wGbZYFr7g,4,8/26/15,0
-1ERbsOf9XOC9wGbZYFr7g,5,9/2/15,0
-1ERbsOf9XOC9wGbZYFr7g,5,9/12/15,0
-1ERbsOf9XOC9wGbZYFr7g,5,9/24/15,1
-1ERbsOf9XOC9wGbZYFr7g,5,9/28/15,0
-1ERbsOf9XOC9wGbZYFr7g,1,10/3/15,0
-1ERbsOf9XOC9wGbZYFr7g,4,10/13/15,0
-1ERbsOf9XOC9wGbZYFr7g,1,10/24/15,0
-1ERbsOf9XOC9wGbZYFr7g,4,11/8/15,0
-1ERbsOf9XOC9wGbZYFr7g,1,11/14/15,0
-1ERbsOf9XOC9wGbZYFr7g,5,11/18/15,0
-1ERbsOf9XOC9wGbZYFr7g,5,11/23/15,0
-1ERbsOf9XOC9wGbZYFr7g,4,12/3/15,0
-1ERbsOf9XOC9wGbZYFr7g,5,12/10/15,0
-1tQu_yKCOgOj-WtXmMYIA,5,3/30/11,0
-1tQu_yKCOgOj-WtXmMYIA,5,6/13/11,0
-1tQu_yKCOgOj-WtXmMYIA,5,6/23/11,0
-1tQu_yKCOgOj-WtXmMYIA,5,7/1/11,0
-1tQu_yKCOgOj-WtXmMYIA,5,7/9/11,0
-1tQu_yKCOgOj-WtXmMYIA,5,7/17/11,1
-1tQu_yKCOgOj-WtXmMYIA,5,7/18/11,0
-1tQu_yKCOgOj-WtXmMYIA,5,7/22/11,0
-1tQu_yKCOgOj-WtXmMYIA,3,8/2/11,1
-1tQu_yKCOgOj-WtXmMYIA,5,8/9/11,0
-1tQu_yKCOgOj-WtXmMYIA,5,8/11/11,0
-1tQu_yKCOgOj-WtXmMYIA,5,8/14/11,0
-1tQu_yKCOgOj-WtXmMYIA,5,8/17/11,0
-1tQu_yKCOgOj-WtXmMYIA,5,8/19/11,1
-1tQu_yKCOgOj-WtXmMYIA,4,8/31/11,0
-1tQu_yKCOgOj-WtXmMYIA,5,9/1/11,0
-1tQu_yKCOgOj-WtXmMYIA,5,9/26/11,0
-1tQu_yKCOgOj-WtXmMYIA,5,9/28/11,0
-1tQu_yKCOgOj-WtXmMYIA,5,10/2/11,0
-1tQu_yKCOgOj-WtXmMYIA,5,10/4/11,0
-1tQu_yKCOgOj-WtXmMYIA,5,10/11/11,0
-1tQu_yKCOgOj-WtXmMYIA,5,10/18/11,0
-1tQu_yKCOgOj-WtXmMYIA,4,10/29/11,1
-1tQu_yKCOgOj-WtXmMYIA,5,11/11/11,0
-1tQu_yKCOgOj-WtXmMYIA,5,11/12/11,0
-1tQu_yKCOgOj-WtXmMYIA,5,12/3/11,0
-1tQu_yKCOgOj-WtXmMYIA,5,12/14/11,1
-1tQu_yKCOgOj-WtXmMYIA,5,12/19/11,0
-1tQu_yKCOgOj-WtXmMYIA,5,1/11/12,0
-1tQu_yKCOgOj-WtXmMYIA,5,1/29/12,0
-1tQu_yKCOgOj-WtXmMYIA,5,2/7/12,0
-1tQu_yKCOgOj-WtXmMYIA,5,2/8/12,0
-1tQu_yKCOgOj-WtXmMYIA,5,2/10/12,1
-1tQu_yKCOgOj-WtXmMYIA,5,2/15/12,0
-1tQu_yKCOgOj-WtXmMYIA,5,2/23/12,1
-1tQu_yKCOgOj-WtXmMYIA,5,3/12/12,0
-1tQu_yKCOgOj-WtXmMYIA,4,3/23/12,0
-1tQu_yKCOgOj-WtXmMYIA,5,4/1/12,1
-1tQu_yKCOgOj-WtXmMYIA,5,4/2/12,0
-1tQu_yKCOgOj-WtXmMYIA,5,4/6/12,0
-1tQu_yKCOgOj-WtXmMYIA,5,4/8/12,0
-1tQu_yKCOgOj-WtXmMYIA,3,4/8/12,0
-1tQu_yKCOgOj-WtXmMYIA,5,4/10/12,0
-1tQu_yKCOgOj-WtXmMYIA,5,4/17/12,0
-1tQu_yKCOgOj-WtXmMYIA,4,4/18/12,1
-1tQu_yKCOgOj-WtXmMYIA,5,4/22/12,0
-1tQu_yKCOgOj-WtXmMYIA,4,4/23/12,0
-1tQu_yKCOgOj-WtXmMYIA,3,4/26/12,0
-1tQu_yKCOgOj-WtXmMYIA,5,5/2/12,0
-1tQu_yKCOgOj-WtXmMYIA,4,5/5/12,0
-1tQu_yKCOgOj-WtXmMYIA,5,5/6/12,0
-1tQu_yKCOgOj-WtXmMYIA,5,5/7/12,0
-1tQu_yKCOgOj-WtXmMYIA,5,5/12/12,0
-1tQu_yKCOgOj-WtXmMYIA,5,5/21/12,0
-1tQu_yKCOgOj-WtXmMYIA,5,6/9/12,1
-1tQu_yKCOgOj-WtXmMYIA,5,6/10/12,1
-1tQu_yKCOgOj-WtXmMYIA,5,6/12/12,0
-1tQu_yKCOgOj-WtXmMYIA,5,6/17/12,0
-1tQu_yKCOgOj-WtXmMYIA,5,6/21/12,0
-1tQu_yKCOgOj-WtXmMYIA,5,6/21/12,0
-1tQu_yKCOgOj-WtXmMYIA,5,6/26/12,0
-1tQu_yKCOgOj-WtXmMYIA,5,6/27/12,0
-1tQu_yKCOgOj-WtXmMYIA,5,7/21/12,0
-1tQu_yKCOgOj-WtXmMYIA,5,7/31/12,1
-1tQu_yKCOgOj-WtXmMYIA,5,8/13/12,1
-1tQu_yKCOgOj-WtXmMYIA,5,8/21/12,0
-1tQu_yKCOgOj-WtXmMYIA,5,8/22/12,0
-1tQu_yKCOgOj-WtXmMYIA,5,8/25/12,0
-1tQu_yKCOgOj-WtXmMYIA,5,8/27/12,0
-1tQu_yKCOgOj-WtXmMYIA,4,8/28/12,0
-1tQu_yKCOgOj-WtXmMYIA,5,9/2/12,0
-1tQu_yKCOgOj-WtXmMYIA,4,9/4/12,0
-1tQu_yKCOgOj-WtXmMYIA,5,9/5/12,0
-1tQu_yKCOgOj-WtXmMYIA,5,9/6/12,0
-1tQu_yKCOgOj-WtXmMYIA,3,9/18/12,0
-1tQu_yKCOgOj-WtXmMYIA,5,9/27/12,0
-1tQu_yKCOgOj-WtXmMYIA,5,9/28/12,0
-1tQu_yKCOgOj-WtXmMYIA,5,10/11/12,0
-1tQu_yKCOgOj-WtXmMYIA,5,10/24/12,0
-1tQu_yKCOgOj-WtXmMYIA,5,10/27/12,0
-1tQu_yKCOgOj-WtXmMYIA,4,11/1/12,0
-1tQu_yKCOgOj-WtXmMYIA,5,11/4/12,0
-1tQu_yKCOgOj-WtXmMYIA,5,11/9/12,0
-1tQu_yKCOgOj-WtXmMYIA,4,11/11/12,0
-1tQu_yKCOgOj-WtXmMYIA,5,11/15/12,0
-1tQu_yKCOgOj-WtXmMYIA,4,12/4/12,0
-1tQu_yKCOgOj-WtXmMYIA,5,12/4/12,0
-1tQu_yKCOgOj-WtXmMYIA,5,12/5/12,0
-1tQu_yKCOgOj-WtXmMYIA,5,12/6/12,0
-1tQu_yKCOgOj-WtXmMYIA,5,12/7/12,0
-1tQu_yKCOgOj-WtXmMYIA,1,12/26/12,0
-1tQu_yKCOgOj-WtXmMYIA,5,12/27/12,0
-1tQu_yKCOgOj-WtXmMYIA,5,1/4/13,0
-1tQu_yKCOgOj-WtXmMYIA,5,1/5/13,0
-1tQu_yKCOgOj-WtXmMYIA,5,1/6/13,0
-1tQu_yKCOgOj-WtXmMYIA,5,1/10/13,1
-1tQu_yKCOgOj-WtXmMYIA,5,1/12/13,1
-1tQu_yKCOgOj-WtXmMYIA,5,1/18/13,0
-1tQu_yKCOgOj-WtXmMYIA,5,1/28/13,0
-1tQu_yKCOgOj-WtXmMYIA,5,2/2/13,0
-1tQu_yKCOgOj-WtXmMYIA,5,2/11/13,0
-1tQu_yKCOgOj-WtXmMYIA,5,2/11/13,1
-1tQu_yKCOgOj-WtXmMYIA,5,2/13/13,0
-1tQu_yKCOgOj-WtXmMYIA,5,2/18/13,0
-1tQu_yKCOgOj-WtXmMYIA,5,2/22/13,0
-1tQu_yKCOgOj-WtXmMYIA,4,2/25/13,0
-1tQu_yKCOgOj-WtXmMYIA,5,2/27/13,0
-1tQu_yKCOgOj-WtXmMYIA,5,3/6/13,0
-1tQu_yKCOgOj-WtXmMYIA,4,3/8/13,0
-1tQu_yKCOgOj-WtXmMYIA,5,3/13/13,0
-1tQu_yKCOgOj-WtXmMYIA,5,3/14/13,0
-1tQu_yKCOgOj-WtXmMYIA,5,3/16/13,1
-1tQu_yKCOgOj-WtXmMYIA,5,3/18/13,0
-1tQu_yKCOgOj-WtXmMYIA,5,3/23/13,0
-1tQu_yKCOgOj-WtXmMYIA,5,3/26/13,0
-1tQu_yKCOgOj-WtXmMYIA,5,3/28/13,1
-1tQu_yKCOgOj-WtXmMYIA,3,3/29/13,0
-1tQu_yKCOgOj-WtXmMYIA,5,3/29/13,0
-1tQu_yKCOgOj-WtXmMYIA,5,4/14/13,0
-1tQu_yKCOgOj-WtXmMYIA,2,4/16/13,0
-1tQu_yKCOgOj-WtXmMYIA,5,4/17/13,0
-1tQu_yKCOgOj-WtXmMYIA,5,4/26/13,0
-1tQu_yKCOgOj-WtXmMYIA,5,4/29/13,0
-1tQu_yKCOgOj-WtXmMYIA,5,4/30/13,0
-1tQu_yKCOgOj-WtXmMYIA,1,5/5/13,0
-1tQu_yKCOgOj-WtXmMYIA,4,5/6/13,1
-1tQu_yKCOgOj-WtXmMYIA,4,5/9/13,0
-1tQu_yKCOgOj-WtXmMYIA,5,5/10/13,0
-1tQu_yKCOgOj-WtXmMYIA,1,5/17/13,0
-1tQu_yKCOgOj-WtXmMYIA,5,5/21/13,0
-1tQu_yKCOgOj-WtXmMYIA,5,5/29/13,0
-1tQu_yKCOgOj-WtXmMYIA,5,5/30/13,0
-1tQu_yKCOgOj-WtXmMYIA,1,6/6/13,0
-1tQu_yKCOgOj-WtXmMYIA,5,6/6/13,0
-1tQu_yKCOgOj-WtXmMYIA,5,6/9/13,0
-1tQu_yKCOgOj-WtXmMYIA,3,6/11/13,1
-1tQu_yKCOgOj-WtXmMYIA,5,6/15/13,0
-1tQu_yKCOgOj-WtXmMYIA,5,6/15/13,0
-1tQu_yKCOgOj-WtXmMYIA,1,6/15/13,0
-1tQu_yKCOgOj-WtXmMYIA,3,6/20/13,0
-1tQu_yKCOgOj-WtXmMYIA,4,6/26/13,0
-1tQu_yKCOgOj-WtXmMYIA,4,7/4/13,0
-1tQu_yKCOgOj-WtXmMYIA,5,7/13/13,0
-1tQu_yKCOgOj-WtXmMYIA,5,7/27/13,0
-1tQu_yKCOgOj-WtXmMYIA,5,7/28/13,0
-1tQu_yKCOgOj-WtXmMYIA,5,7/29/13,0
-1tQu_yKCOgOj-WtXmMYIA,5,8/14/13,0
-1tQu_yKCOgOj-WtXmMYIA,5,8/15/13,0
-1tQu_yKCOgOj-WtXmMYIA,5,8/15/13,0
-1tQu_yKCOgOj-WtXmMYIA,5,8/15/13,0
-1tQu_yKCOgOj-WtXmMYIA,1,8/28/13,0
-1tQu_yKCOgOj-WtXmMYIA,5,8/31/13,0
-1tQu_yKCOgOj-WtXmMYIA,5,9/6/13,0
-1tQu_yKCOgOj-WtXmMYIA,5,9/7/13,0
-1tQu_yKCOgOj-WtXmMYIA,2,9/10/13,0
-1tQu_yKCOgOj-WtXmMYIA,5,9/14/13,0
-1tQu_yKCOgOj-WtXmMYIA,3,9/15/13,1
-1tQu_yKCOgOj-WtXmMYIA,5,9/18/13,0
-1tQu_yKCOgOj-WtXmMYIA,5,9/21/13,0
-1tQu_yKCOgOj-WtXmMYIA,5,9/25/13,0
-1tQu_yKCOgOj-WtXmMYIA,5,9/29/13,0
-1tQu_yKCOgOj-WtXmMYIA,4,10/21/13,1
-1tQu_yKCOgOj-WtXmMYIA,2,10/27/13,0
-1tQu_yKCOgOj-WtXmMYIA,5,11/1/13,0
-1tQu_yKCOgOj-WtXmMYIA,5,11/4/13,0
-1tQu_yKCOgOj-WtXmMYIA,4,11/18/13,0
-1tQu_yKCOgOj-WtXmMYIA,5,12/27/13,0
-1tQu_yKCOgOj-WtXmMYIA,5,12/27/13,0
-1tQu_yKCOgOj-WtXmMYIA,1,1/8/14,0
-1tQu_yKCOgOj-WtXmMYIA,4,1/31/14,0
-1tQu_yKCOgOj-WtXmMYIA,5,2/5/14,0
-1tQu_yKCOgOj-WtXmMYIA,3,2/6/14,0
-1tQu_yKCOgOj-WtXmMYIA,3,2/7/14,0
-1tQu_yKCOgOj-WtXmMYIA,5,2/8/14,0
-1tQu_yKCOgOj-WtXmMYIA,5,2/15/14,0
-1tQu_yKCOgOj-WtXmMYIA,5,2/19/14,0
-1tQu_yKCOgOj-WtXmMYIA,1,2/22/14,0
-1tQu_yKCOgOj-WtXmMYIA,5,3/8/14,0
-1tQu_yKCOgOj-WtXmMYIA,3,3/9/14,0
-1tQu_yKCOgOj-WtXmMYIA,2,3/29/14,0
-1tQu_yKCOgOj-WtXmMYIA,5,3/30/14,0
-1tQu_yKCOgOj-WtXmMYIA,4,4/7/14,0
-1tQu_yKCOgOj-WtXmMYIA,5,4/9/14,0
-1tQu_yKCOgOj-WtXmMYIA,5,4/12/14,0
-1tQu_yKCOgOj-WtXmMYIA,2,4/15/14,0
-1tQu_yKCOgOj-WtXmMYIA,4,4/17/14,0
-1tQu_yKCOgOj-WtXmMYIA,5,4/18/14,0
-1tQu_yKCOgOj-WtXmMYIA,5,4/29/14,0
-1tQu_yKCOgOj-WtXmMYIA,5,5/2/14,0
-1tQu_yKCOgOj-WtXmMYIA,5,5/10/14,0
-1tQu_yKCOgOj-WtXmMYIA,5,5/12/14,0
-1tQu_yKCOgOj-WtXmMYIA,5,5/12/14,0
-1tQu_yKCOgOj-WtXmMYIA,5,5/13/14,1
-1tQu_yKCOgOj-WtXmMYIA,5,5/14/14,0
-1tQu_yKCOgOj-WtXmMYIA,5,5/20/14,0
-1tQu_yKCOgOj-WtXmMYIA,5,5/20/14,0
-1tQu_yKCOgOj-WtXmMYIA,5,5/27/14,0
-1tQu_yKCOgOj-WtXmMYIA,5,5/27/14,0
-1tQu_yKCOgOj-WtXmMYIA,1,5/28/14,0
-1tQu_yKCOgOj-WtXmMYIA,5,5/28/14,0
-1tQu_yKCOgOj-WtXmMYIA,5,5/29/14,0
-1tQu_yKCOgOj-WtXmMYIA,1,5/30/14,0
-1tQu_yKCOgOj-WtXmMYIA,4,5/30/14,0
-1tQu_yKCOgOj-WtXmMYIA,5,5/31/14,0
-1tQu_yKCOgOj-WtXmMYIA,5,6/1/14,0
-1tQu_yKCOgOj-WtXmMYIA,5,6/1/14,0
-1tQu_yKCOgOj-WtXmMYIA,5,6/8/14,0
-1tQu_yKCOgOj-WtXmMYIA,5,6/20/14,0
-1tQu_yKCOgOj-WtXmMYIA,5,6/30/14,0
-1tQu_yKCOgOj-WtXmMYIA,1,6/30/14,0
-1tQu_yKCOgOj-WtXmMYIA,1,7/1/14,0
-1tQu_yKCOgOj-WtXmMYIA,5,7/15/14,0
-1tQu_yKCOgOj-WtXmMYIA,5,7/18/14,0
-1tQu_yKCOgOj-WtXmMYIA,1,7/18/14,0
-1tQu_yKCOgOj-WtXmMYIA,5,7/21/14,0
-1tQu_yKCOgOj-WtXmMYIA,4,7/24/14,0
-1tQu_yKCOgOj-WtXmMYIA,5,7/28/14,0
-1tQu_yKCOgOj-WtXmMYIA,5,7/28/14,0
-1tQu_yKCOgOj-WtXmMYIA,5,8/7/14,0
-1tQu_yKCOgOj-WtXmMYIA,4,8/21/14,0
-1tQu_yKCOgOj-WtXmMYIA,1,8/25/14,0
-1tQu_yKCOgOj-WtXmMYIA,4,8/30/14,0
-1tQu_yKCOgOj-WtXmMYIA,1,9/1/14,0
-1tQu_yKCOgOj-WtXmMYIA,2,9/1/14,0
-1tQu_yKCOgOj-WtXmMYIA,5,9/5/14,0
-1tQu_yKCOgOj-WtXmMYIA,5,9/7/14,0
-1tQu_yKCOgOj-WtXmMYIA,5,9/12/14,0
-1tQu_yKCOgOj-WtXmMYIA,5,9/13/14,0
-1tQu_yKCOgOj-WtXmMYIA,5,9/18/14,0
-1tQu_yKCOgOj-WtXmMYIA,5,9/22/14,1
-1tQu_yKCOgOj-WtXmMYIA,5,9/24/14,0
-1tQu_yKCOgOj-WtXmMYIA,5,9/26/14,0
-1tQu_yKCOgOj-WtXmMYIA,1,9/28/14,0
-1tQu_yKCOgOj-WtXmMYIA,5,10/2/14,0
-1tQu_yKCOgOj-WtXmMYIA,5,10/6/14,0
-1tQu_yKCOgOj-WtXmMYIA,4,10/10/14,0
-1tQu_yKCOgOj-WtXmMYIA,4,10/10/14,0
-1tQu_yKCOgOj-WtXmMYIA,5,10/12/14,0
-1tQu_yKCOgOj-WtXmMYIA,5,10/15/14,0
-1tQu_yKCOgOj-WtXmMYIA,5,10/18/14,0
-1tQu_yKCOgOj-WtXmMYIA,3,10/25/14,0
-1tQu_yKCOgOj-WtXmMYIA,3,10/26/14,1
-1tQu_yKCOgOj-WtXmMYIA,5,10/31/14,0
-1tQu_yKCOgOj-WtXmMYIA,1,11/18/14,0
-1tQu_yKCOgOj-WtXmMYIA,1,11/20/14,0
-1tQu_yKCOgOj-WtXmMYIA,4,11/20/14,1
-1tQu_yKCOgOj-WtXmMYIA,4,11/25/14,0
-1tQu_yKCOgOj-WtXmMYIA,5,12/10/14,0
-1tQu_yKCOgOj-WtXmMYIA,5,12/12/14,0
-1tQu_yKCOgOj-WtXmMYIA,1,12/15/14,0
-1tQu_yKCOgOj-WtXmMYIA,1,12/17/14,0
-1tQu_yKCOgOj-WtXmMYIA,5,1/4/15,0
-1tQu_yKCOgOj-WtXmMYIA,1,1/5/15,0
-1tQu_yKCOgOj-WtXmMYIA,5,1/22/15,0
-1tQu_yKCOgOj-WtXmMYIA,1,1/27/15,0
-1tQu_yKCOgOj-WtXmMYIA,5,2/16/15,0
-1tQu_yKCOgOj-WtXmMYIA,5,2/17/15,0
-1tQu_yKCOgOj-WtXmMYIA,5,2/20/15,0
-1tQu_yKCOgOj-WtXmMYIA,4,2/22/15,0
-1tQu_yKCOgOj-WtXmMYIA,5,2/22/15,0
-1tQu_yKCOgOj-WtXmMYIA,2,2/26/15,0
-1tQu_yKCOgOj-WtXmMYIA,4,3/3/15,1
-1tQu_yKCOgOj-WtXmMYIA,5,3/11/15,0
-1tQu_yKCOgOj-WtXmMYIA,3,3/23/15,0
-1tQu_yKCOgOj-WtXmMYIA,5,3/23/15,0
-1tQu_yKCOgOj-WtXmMYIA,5,3/25/15,0
-1tQu_yKCOgOj-WtXmMYIA,5,3/25/15,0
-1tQu_yKCOgOj-WtXmMYIA,5,3/26/15,0
-1tQu_yKCOgOj-WtXmMYIA,3,3/26/15,0
-1tQu_yKCOgOj-WtXmMYIA,5,4/1/15,0
-1tQu_yKCOgOj-WtXmMYIA,1,4/3/15,0
-1tQu_yKCOgOj-WtXmMYIA,1,4/3/15,0
-1tQu_yKCOgOj-WtXmMYIA,5,4/4/15,0
-1tQu_yKCOgOj-WtXmMYIA,2,4/4/15,0
-1tQu_yKCOgOj-WtXmMYIA,5,4/6/15,0
-1tQu_yKCOgOj-WtXmMYIA,1,4/6/15,0
-1tQu_yKCOgOj-WtXmMYIA,5,4/13/15,0
-1tQu_yKCOgOj-WtXmMYIA,5,4/13/15,0
-1tQu_yKCOgOj-WtXmMYIA,5,4/15/15,0
-1tQu_yKCOgOj-WtXmMYIA,5,4/16/15,1
-1tQu_yKCOgOj-WtXmMYIA,5,4/18/15,0
-1tQu_yKCOgOj-WtXmMYIA,5,4/20/15,0
-1tQu_yKCOgOj-WtXmMYIA,5,4/26/15,0
-1tQu_yKCOgOj-WtXmMYIA,1,4/29/15,0
-1tQu_yKCOgOj-WtXmMYIA,2,5/2/15,0
-1tQu_yKCOgOj-WtXmMYIA,5,5/5/15,0
-1tQu_yKCOgOj-WtXmMYIA,5,5/5/15,0
-1tQu_yKCOgOj-WtXmMYIA,5,5/6/15,0
-1tQu_yKCOgOj-WtXmMYIA,5,5/6/15,0
-1tQu_yKCOgOj-WtXmMYIA,5,5/6/15,0
-1tQu_yKCOgOj-WtXmMYIA,5,5/8/15,0
-1tQu_yKCOgOj-WtXmMYIA,5,5/11/15,0
-1tQu_yKCOgOj-WtXmMYIA,1,5/13/15,0
-1tQu_yKCOgOj-WtXmMYIA,5,5/13/15,0
-1tQu_yKCOgOj-WtXmMYIA,5,5/21/15,0
-1tQu_yKCOgOj-WtXmMYIA,1,5/23/15,0
-1tQu_yKCOgOj-WtXmMYIA,5,5/26/15,1
-1tQu_yKCOgOj-WtXmMYIA,1,5/27/15,0
-1tQu_yKCOgOj-WtXmMYIA,5,5/29/15,0
-1tQu_yKCOgOj-WtXmMYIA,4,6/1/15,0
-1tQu_yKCOgOj-WtXmMYIA,5,6/2/15,0
-1tQu_yKCOgOj-WtXmMYIA,1,6/4/15,0
-1tQu_yKCOgOj-WtXmMYIA,3,6/5/15,0
-1tQu_yKCOgOj-WtXmMYIA,5,6/6/15,0
-1tQu_yKCOgOj-WtXmMYIA,5,6/8/15,0
-1tQu_yKCOgOj-WtXmMYIA,5,6/8/15,0
-1tQu_yKCOgOj-WtXmMYIA,5,6/11/15,0
-1tQu_yKCOgOj-WtXmMYIA,5,6/11/15,0
-1tQu_yKCOgOj-WtXmMYIA,5,6/11/15,0
-1tQu_yKCOgOj-WtXmMYIA,5,6/13/15,0
-1tQu_yKCOgOj-WtXmMYIA,5,6/15/15,0
-1tQu_yKCOgOj-WtXmMYIA,4,6/16/15,0
-1tQu_yKCOgOj-WtXmMYIA,5,6/18/15,0
-1tQu_yKCOgOj-WtXmMYIA,5,6/18/15,0
-1tQu_yKCOgOj-WtXmMYIA,2,6/21/15,0
-1tQu_yKCOgOj-WtXmMYIA,1,6/24/15,0
-1tQu_yKCOgOj-WtXmMYIA,2,6/25/15,0
-1tQu_yKCOgOj-WtXmMYIA,5,6/25/15,0
-1tQu_yKCOgOj-WtXmMYIA,2,6/26/15,0
-1tQu_yKCOgOj-WtXmMYIA,5,6/30/15,0
-1tQu_yKCOgOj-WtXmMYIA,5,7/1/15,0
-1tQu_yKCOgOj-WtXmMYIA,5,7/3/15,0
-1tQu_yKCOgOj-WtXmMYIA,5,7/3/15,0
-1tQu_yKCOgOj-WtXmMYIA,5,7/7/15,0
-1tQu_yKCOgOj-WtXmMYIA,4,7/8/15,0
-1tQu_yKCOgOj-WtXmMYIA,5,7/8/15,0
-1tQu_yKCOgOj-WtXmMYIA,5,7/11/15,0
-1tQu_yKCOgOj-WtXmMYIA,4,7/11/15,1
-1tQu_yKCOgOj-WtXmMYIA,5,7/12/15,0
-1tQu_yKCOgOj-WtXmMYIA,5,7/14/15,0
-1tQu_yKCOgOj-WtXmMYIA,5,7/17/15,0
-1tQu_yKCOgOj-WtXmMYIA,1,7/20/15,0
-1tQu_yKCOgOj-WtXmMYIA,1,7/20/15,0
-1tQu_yKCOgOj-WtXmMYIA,5,7/23/15,0
-1tQu_yKCOgOj-WtXmMYIA,5,7/26/15,0
-1tQu_yKCOgOj-WtXmMYIA,2,7/28/15,0
-1tQu_yKCOgOj-WtXmMYIA,5,8/2/15,0
-1tQu_yKCOgOj-WtXmMYIA,1,8/12/15,0
-1tQu_yKCOgOj-WtXmMYIA,5,8/12/15,0
-1tQu_yKCOgOj-WtXmMYIA,5,8/15/15,0
-1tQu_yKCOgOj-WtXmMYIA,5,8/16/15,0
-1tQu_yKCOgOj-WtXmMYIA,1,8/19/15,0
-1tQu_yKCOgOj-WtXmMYIA,5,8/25/15,0
-1tQu_yKCOgOj-WtXmMYIA,5,8/26/15,0
-1tQu_yKCOgOj-WtXmMYIA,2,8/29/15,0
-1tQu_yKCOgOj-WtXmMYIA,4,9/1/15,0
-1tQu_yKCOgOj-WtXmMYIA,5,9/4/15,0
-1tQu_yKCOgOj-WtXmMYIA,5,9/4/15,0
-1tQu_yKCOgOj-WtXmMYIA,5,9/10/15,0
-1tQu_yKCOgOj-WtXmMYIA,5,9/13/15,0
-1tQu_yKCOgOj-WtXmMYIA,5,9/16/15,0
-1tQu_yKCOgOj-WtXmMYIA,5,9/17/15,0
-1tQu_yKCOgOj-WtXmMYIA,5,9/22/15,0
-1tQu_yKCOgOj-WtXmMYIA,5,9/23/15,0
-1tQu_yKCOgOj-WtXmMYIA,5,9/24/15,0
-1tQu_yKCOgOj-WtXmMYIA,4,9/26/15,0
-1tQu_yKCOgOj-WtXmMYIA,4,9/27/15,0
-1tQu_yKCOgOj-WtXmMYIA,5,10/4/15,0
-1tQu_yKCOgOj-WtXmMYIA,5,10/5/15,0
-1tQu_yKCOgOj-WtXmMYIA,5,10/10/15,0
-1tQu_yKCOgOj-WtXmMYIA,2,10/14/15,0
-1tQu_yKCOgOj-WtXmMYIA,5,10/15/15,0
-1tQu_yKCOgOj-WtXmMYIA,3,10/15/15,0
-1tQu_yKCOgOj-WtXmMYIA,5,10/17/15,0
-1tQu_yKCOgOj-WtXmMYIA,4,10/20/15,0
-1tQu_yKCOgOj-WtXmMYIA,3,10/26/15,0
-1tQu_yKCOgOj-WtXmMYIA,5,10/28/15,0
-1tQu_yKCOgOj-WtXmMYIA,5,10/28/15,0
-1tQu_yKCOgOj-WtXmMYIA,4,10/28/15,0
-1tQu_yKCOgOj-WtXmMYIA,5,10/29/15,0
-1tQu_yKCOgOj-WtXmMYIA,4,10/29/15,1
-1tQu_yKCOgOj-WtXmMYIA,5,10/29/15,0
-1tQu_yKCOgOj-WtXmMYIA,5,11/3/15,0
-1tQu_yKCOgOj-WtXmMYIA,5,11/3/15,0
-1tQu_yKCOgOj-WtXmMYIA,1,11/4/15,0
-1tQu_yKCOgOj-WtXmMYIA,5,11/15/15,0
-1tQu_yKCOgOj-WtXmMYIA,3,11/18/15,0
-1tQu_yKCOgOj-WtXmMYIA,5,11/19/15,1
-1tQu_yKCOgOj-WtXmMYIA,5,11/20/15,0
-1tQu_yKCOgOj-WtXmMYIA,5,11/21/15,0
-1tQu_yKCOgOj-WtXmMYIA,5,11/21/15,0
-1tQu_yKCOgOj-WtXmMYIA,4,11/21/15,0
-1tQu_yKCOgOj-WtXmMYIA,5,12/1/15,0
-1tQu_yKCOgOj-WtXmMYIA,5,12/3/15,0
-1tQu_yKCOgOj-WtXmMYIA,5,12/12/15,0
-1tQu_yKCOgOj-WtXmMYIA,5,12/21/15,0
-1tQu_yKCOgOj-WtXmMYIA,5,12/23/15,0
-2n-OHbbwIv3SY8RP9bgTQ,4,4/23/06,1
-2n-OHbbwIv3SY8RP9bgTQ,4,9/4/06,1
-2n-OHbbwIv3SY8RP9bgTQ,5,10/8/06,0
-2n-OHbbwIv3SY8RP9bgTQ,5,2/17/07,0
-2n-OHbbwIv3SY8RP9bgTQ,5,4/1/07,1
-2n-OHbbwIv3SY8RP9bgTQ,3,5/23/07,1
-2n-OHbbwIv3SY8RP9bgTQ,5,9/3/07,0
-2n-OHbbwIv3SY8RP9bgTQ,4,9/4/07,1
-2n-OHbbwIv3SY8RP9bgTQ,3,10/7/07,1
-2n-OHbbwIv3SY8RP9bgTQ,4,12/4/07,1
-2n-OHbbwIv3SY8RP9bgTQ,4,12/18/07,0
-2n-OHbbwIv3SY8RP9bgTQ,4,1/1/08,0
-2n-OHbbwIv3SY8RP9bgTQ,5,1/5/08,0
-2n-OHbbwIv3SY8RP9bgTQ,2,1/17/08,0
-2n-OHbbwIv3SY8RP9bgTQ,3,3/7/08,1
-2n-OHbbwIv3SY8RP9bgTQ,4,3/17/08,1
-2n-OHbbwIv3SY8RP9bgTQ,3,5/22/08,1
-2n-OHbbwIv3SY8RP9bgTQ,5,6/15/08,1
-2n-OHbbwIv3SY8RP9bgTQ,4,6/15/08,1
-2n-OHbbwIv3SY8RP9bgTQ,5,6/18/08,1
-2n-OHbbwIv3SY8RP9bgTQ,4,7/16/08,0
-2n-OHbbwIv3SY8RP9bgTQ,3,8/7/08,1
-2n-OHbbwIv3SY8RP9bgTQ,4,8/28/08,1
-2n-OHbbwIv3SY8RP9bgTQ,5,8/29/08,0
-2n-OHbbwIv3SY8RP9bgTQ,3,9/9/08,0
-2n-OHbbwIv3SY8RP9bgTQ,5,9/18/08,0
-2n-OHbbwIv3SY8RP9bgTQ,3,10/7/08,1
-2n-OHbbwIv3SY8RP9bgTQ,2,10/21/08,1
-2n-OHbbwIv3SY8RP9bgTQ,1,11/19/08,0
-2n-OHbbwIv3SY8RP9bgTQ,5,11/30/08,1
-2n-OHbbwIv3SY8RP9bgTQ,5,12/14/08,1
-2n-OHbbwIv3SY8RP9bgTQ,5,2/1/09,0
-2n-OHbbwIv3SY8RP9bgTQ,4,2/2/09,0
-2n-OHbbwIv3SY8RP9bgTQ,4,2/23/09,0
-2n-OHbbwIv3SY8RP9bgTQ,2,2/24/09,1
-2n-OHbbwIv3SY8RP9bgTQ,2,2/24/09,1
-2n-OHbbwIv3SY8RP9bgTQ,4,2/24/09,1
-2n-OHbbwIv3SY8RP9bgTQ,5,3/10/09,0
-2n-OHbbwIv3SY8RP9bgTQ,5,3/24/09,0
-2n-OHbbwIv3SY8RP9bgTQ,3,3/25/09,0
-2n-OHbbwIv3SY8RP9bgTQ,5,3/27/09,1
-2n-OHbbwIv3SY8RP9bgTQ,3,4/27/09,0
-2n-OHbbwIv3SY8RP9bgTQ,5,5/1/09,0
-2n-OHbbwIv3SY8RP9bgTQ,4,5/4/09,0
-2n-OHbbwIv3SY8RP9bgTQ,5,6/3/09,0
-2n-OHbbwIv3SY8RP9bgTQ,5,6/5/09,1
-2n-OHbbwIv3SY8RP9bgTQ,4,7/4/09,0
-2n-OHbbwIv3SY8RP9bgTQ,4,7/6/09,0
-2n-OHbbwIv3SY8RP9bgTQ,5,7/7/09,0
-2n-OHbbwIv3SY8RP9bgTQ,4,7/13/09,1
-2n-OHbbwIv3SY8RP9bgTQ,4,7/28/09,1
-2n-OHbbwIv3SY8RP9bgTQ,5,7/28/09,0
-2n-OHbbwIv3SY8RP9bgTQ,4,8/3/09,0
-2n-OHbbwIv3SY8RP9bgTQ,5,8/11/09,0
-2n-OHbbwIv3SY8RP9bgTQ,5,8/24/09,1
-2n-OHbbwIv3SY8RP9bgTQ,5,8/24/09,1
-2n-OHbbwIv3SY8RP9bgTQ,4,8/25/09,0
-2n-OHbbwIv3SY8RP9bgTQ,4,9/2/09,0
-2n-OHbbwIv3SY8RP9bgTQ,4,9/8/09,1
-2n-OHbbwIv3SY8RP9bgTQ,4,9/22/09,1
-2n-OHbbwIv3SY8RP9bgTQ,5,9/30/09,1
-2n-OHbbwIv3SY8RP9bgTQ,4,10/3/09,0
-2n-OHbbwIv3SY8RP9bgTQ,4,10/27/09,0
-2n-OHbbwIv3SY8RP9bgTQ,4,11/5/09,0
-2n-OHbbwIv3SY8RP9bgTQ,5,11/11/09,1
-2n-OHbbwIv3SY8RP9bgTQ,4,11/11/09,0
-2n-OHbbwIv3SY8RP9bgTQ,4,12/11/09,1
-2n-OHbbwIv3SY8RP9bgTQ,3,12/14/09,1
-2n-OHbbwIv3SY8RP9bgTQ,5,12/19/09,0
-2n-OHbbwIv3SY8RP9bgTQ,5,12/26/09,1
-2n-OHbbwIv3SY8RP9bgTQ,5,12/26/09,1
-2n-OHbbwIv3SY8RP9bgTQ,3,12/29/09,1
-2n-OHbbwIv3SY8RP9bgTQ,4,1/3/10,0
-2n-OHbbwIv3SY8RP9bgTQ,4,1/4/10,0
-2n-OHbbwIv3SY8RP9bgTQ,4,1/15/10,1
-2n-OHbbwIv3SY8RP9bgTQ,5,1/18/10,0
-2n-OHbbwIv3SY8RP9bgTQ,1,2/26/10,0
-2n-OHbbwIv3SY8RP9bgTQ,5,3/10/10,1
-2n-OHbbwIv3SY8RP9bgTQ,4,3/13/10,0
-2n-OHbbwIv3SY8RP9bgTQ,5,3/20/10,0
-2n-OHbbwIv3SY8RP9bgTQ,5,3/30/10,1
-2n-OHbbwIv3SY8RP9bgTQ,5,4/1/10,1
-2n-OHbbwIv3SY8RP9bgTQ,4,4/6/10,1
-2n-OHbbwIv3SY8RP9bgTQ,4,4/12/10,0
-2n-OHbbwIv3SY8RP9bgTQ,3,4/12/10,1
-2n-OHbbwIv3SY8RP9bgTQ,3,4/12/10,0
-2n-OHbbwIv3SY8RP9bgTQ,4,4/13/10,1
-2n-OHbbwIv3SY8RP9bgTQ,5,4/21/10,0
-2n-OHbbwIv3SY8RP9bgTQ,4,4/26/10,0
-2n-OHbbwIv3SY8RP9bgTQ,5,5/7/10,1
-2n-OHbbwIv3SY8RP9bgTQ,3,5/13/10,0
-2n-OHbbwIv3SY8RP9bgTQ,4,5/16/10,1
-2n-OHbbwIv3SY8RP9bgTQ,2,5/18/10,0
-2n-OHbbwIv3SY8RP9bgTQ,4,6/9/10,0
-2n-OHbbwIv3SY8RP9bgTQ,5,6/15/10,0
-2n-OHbbwIv3SY8RP9bgTQ,3,6/16/10,1
-2n-OHbbwIv3SY8RP9bgTQ,5,6/29/10,0
-2n-OHbbwIv3SY8RP9bgTQ,4,6/29/10,0
-2n-OHbbwIv3SY8RP9bgTQ,2,7/2/10,0
-2n-OHbbwIv3SY8RP9bgTQ,4,7/15/10,0
-2n-OHbbwIv3SY8RP9bgTQ,4,7/15/10,0
-2n-OHbbwIv3SY8RP9bgTQ,5,7/18/10,0
-2n-OHbbwIv3SY8RP9bgTQ,4,7/29/10,0
-2n-OHbbwIv3SY8RP9bgTQ,3,7/30/10,1
-2n-OHbbwIv3SY8RP9bgTQ,4,8/2/10,0
-2n-OHbbwIv3SY8RP9bgTQ,2,8/3/10,1
-2n-OHbbwIv3SY8RP9bgTQ,5,8/5/10,0
-2n-OHbbwIv3SY8RP9bgTQ,4,8/10/10,0
-2n-OHbbwIv3SY8RP9bgTQ,5,8/13/10,0
-2n-OHbbwIv3SY8RP9bgTQ,5,8/21/10,0
-2n-OHbbwIv3SY8RP9bgTQ,4,8/26/10,0
-2n-OHbbwIv3SY8RP9bgTQ,4,9/2/10,0
-2n-OHbbwIv3SY8RP9bgTQ,4,9/6/10,0
-2n-OHbbwIv3SY8RP9bgTQ,4,9/8/10,0
-2n-OHbbwIv3SY8RP9bgTQ,4,9/16/10,0
-2n-OHbbwIv3SY8RP9bgTQ,4,10/24/10,0
-2n-OHbbwIv3SY8RP9bgTQ,4,10/25/10,0
-2n-OHbbwIv3SY8RP9bgTQ,3,11/2/10,1
-2n-OHbbwIv3SY8RP9bgTQ,4,11/8/10,1
-2n-OHbbwIv3SY8RP9bgTQ,3,11/8/10,0
-2n-OHbbwIv3SY8RP9bgTQ,4,11/9/10,0
-2n-OHbbwIv3SY8RP9bgTQ,4,11/14/10,0
-2n-OHbbwIv3SY8RP9bgTQ,5,11/18/10,0
-2n-OHbbwIv3SY8RP9bgTQ,5,11/19/10,0
-2n-OHbbwIv3SY8RP9bgTQ,5,11/20/10,0
-2n-OHbbwIv3SY8RP9bgTQ,4,11/22/10,0
-2n-OHbbwIv3SY8RP9bgTQ,4,11/28/10,1
-2n-OHbbwIv3SY8RP9bgTQ,4,12/7/10,1
-2n-OHbbwIv3SY8RP9bgTQ,4,12/8/10,0
-2n-OHbbwIv3SY8RP9bgTQ,4,12/10/10,1
-2n-OHbbwIv3SY8RP9bgTQ,5,12/12/10,1
-2n-OHbbwIv3SY8RP9bgTQ,4,12/21/10,0
-2n-OHbbwIv3SY8RP9bgTQ,5,12/22/10,0
-2n-OHbbwIv3SY8RP9bgTQ,1,12/26/10,0
-2n-OHbbwIv3SY8RP9bgTQ,4,12/26/10,0
-2n-OHbbwIv3SY8RP9bgTQ,2,12/27/10,0
-2n-OHbbwIv3SY8RP9bgTQ,5,12/27/10,0
-2n-OHbbwIv3SY8RP9bgTQ,4,12/29/10,0
-2n-OHbbwIv3SY8RP9bgTQ,2,12/30/10,0
-2n-OHbbwIv3SY8RP9bgTQ,3,12/31/10,0
-2n-OHbbwIv3SY8RP9bgTQ,4,1/2/11,0
-2n-OHbbwIv3SY8RP9bgTQ,4,1/6/11,1
-2n-OHbbwIv3SY8RP9bgTQ,5,1/18/11,0
-2n-OHbbwIv3SY8RP9bgTQ,5,1/24/11,0
-2n-OHbbwIv3SY8RP9bgTQ,4,2/1/11,1
-2n-OHbbwIv3SY8RP9bgTQ,5,2/3/11,0
-2n-OHbbwIv3SY8RP9bgTQ,4,2/4/11,1
-2n-OHbbwIv3SY8RP9bgTQ,2,2/7/11,0
-2n-OHbbwIv3SY8RP9bgTQ,3,2/9/11,0
-2n-OHbbwIv3SY8RP9bgTQ,4,2/15/11,0
-2n-OHbbwIv3SY8RP9bgTQ,5,2/16/11,0
-2n-OHbbwIv3SY8RP9bgTQ,5,2/21/11,0
-2n-OHbbwIv3SY8RP9bgTQ,4,3/2/11,1
-2n-OHbbwIv3SY8RP9bgTQ,4,3/7/11,0
-2n-OHbbwIv3SY8RP9bgTQ,3,3/8/11,0
-2n-OHbbwIv3SY8RP9bgTQ,4,3/9/11,1
-2n-OHbbwIv3SY8RP9bgTQ,1,3/11/11,1
-2n-OHbbwIv3SY8RP9bgTQ,5,3/13/11,0
-2n-OHbbwIv3SY8RP9bgTQ,5,3/13/11,1
-2n-OHbbwIv3SY8RP9bgTQ,3,3/18/11,1
-2n-OHbbwIv3SY8RP9bgTQ,3,3/21/11,0
-2n-OHbbwIv3SY8RP9bgTQ,4,3/23/11,0
-2n-OHbbwIv3SY8RP9bgTQ,1,3/24/11,0
-2n-OHbbwIv3SY8RP9bgTQ,2,3/30/11,0
-2n-OHbbwIv3SY8RP9bgTQ,3,3/31/11,0
-2n-OHbbwIv3SY8RP9bgTQ,4,4/2/11,0
-2n-OHbbwIv3SY8RP9bgTQ,5,4/4/11,1
-2n-OHbbwIv3SY8RP9bgTQ,5,4/5/11,1
-2n-OHbbwIv3SY8RP9bgTQ,1,4/5/11,0
-2n-OHbbwIv3SY8RP9bgTQ,5,4/8/11,1
-2n-OHbbwIv3SY8RP9bgTQ,5,4/12/11,1
-2n-OHbbwIv3SY8RP9bgTQ,5,4/14/11,0
-2n-OHbbwIv3SY8RP9bgTQ,5,4/27/11,0
-2n-OHbbwIv3SY8RP9bgTQ,4,4/28/11,0
-2n-OHbbwIv3SY8RP9bgTQ,5,4/30/11,0
-2n-OHbbwIv3SY8RP9bgTQ,5,5/3/11,1
-2n-OHbbwIv3SY8RP9bgTQ,1,5/6/11,0
-2n-OHbbwIv3SY8RP9bgTQ,4,5/9/11,1
-2n-OHbbwIv3SY8RP9bgTQ,5,5/14/11,0
-2n-OHbbwIv3SY8RP9bgTQ,5,5/25/11,0
-2n-OHbbwIv3SY8RP9bgTQ,4,5/29/11,0
-2n-OHbbwIv3SY8RP9bgTQ,5,5/29/11,0
-2n-OHbbwIv3SY8RP9bgTQ,4,5/30/11,1
-2n-OHbbwIv3SY8RP9bgTQ,4,6/6/11,1
-2n-OHbbwIv3SY8RP9bgTQ,1,6/14/11,0
-2n-OHbbwIv3SY8RP9bgTQ,3,6/19/11,0
-2n-OHbbwIv3SY8RP9bgTQ,3,6/20/11,1
-2n-OHbbwIv3SY8RP9bgTQ,3,6/28/11,0
-2n-OHbbwIv3SY8RP9bgTQ,4,6/30/11,0
-2n-OHbbwIv3SY8RP9bgTQ,4,6/30/11,0
-2n-OHbbwIv3SY8RP9bgTQ,4,7/1/11,0
-2n-OHbbwIv3SY8RP9bgTQ,4,7/1/11,0
-2n-OHbbwIv3SY8RP9bgTQ,5,7/6/11,0
-2n-OHbbwIv3SY8RP9bgTQ,5,7/6/11,0
-2n-OHbbwIv3SY8RP9bgTQ,5,7/15/11,0
-2n-OHbbwIv3SY8RP9bgTQ,4,7/23/11,0
-2n-OHbbwIv3SY8RP9bgTQ,4,7/23/11,0
-2n-OHbbwIv3SY8RP9bgTQ,3,7/25/11,0
-2n-OHbbwIv3SY8RP9bgTQ,5,7/27/11,0
-2n-OHbbwIv3SY8RP9bgTQ,4,8/2/11,0
-2n-OHbbwIv3SY8RP9bgTQ,4,8/5/11,0
-2n-OHbbwIv3SY8RP9bgTQ,4,8/10/11,0
-2n-OHbbwIv3SY8RP9bgTQ,1,8/11/11,0
-2n-OHbbwIv3SY8RP9bgTQ,4,8/12/11,0
-2n-OHbbwIv3SY8RP9bgTQ,3,8/16/11,1
-2n-OHbbwIv3SY8RP9bgTQ,5,8/18/11,0
-2n-OHbbwIv3SY8RP9bgTQ,4,8/20/11,0
-2n-OHbbwIv3SY8RP9bgTQ,2,8/21/11,1
-2n-OHbbwIv3SY8RP9bgTQ,3,8/22/11,1
-2n-OHbbwIv3SY8RP9bgTQ,4,8/22/11,0
-2n-OHbbwIv3SY8RP9bgTQ,5,8/28/11,0
-2n-OHbbwIv3SY8RP9bgTQ,5,9/1/11,0
-2n-OHbbwIv3SY8RP9bgTQ,5,9/6/11,0
-2n-OHbbwIv3SY8RP9bgTQ,5,9/20/11,1
-2n-OHbbwIv3SY8RP9bgTQ,5,10/8/11,0
-2n-OHbbwIv3SY8RP9bgTQ,1,10/8/11,0
-2n-OHbbwIv3SY8RP9bgTQ,4,10/16/11,0
-2n-OHbbwIv3SY8RP9bgTQ,5,10/20/11,1
-2n-OHbbwIv3SY8RP9bgTQ,4,10/23/11,1
-2n-OHbbwIv3SY8RP9bgTQ,5,10/23/11,1
-2n-OHbbwIv3SY8RP9bgTQ,5,11/3/11,1
-2n-OHbbwIv3SY8RP9bgTQ,5,11/4/11,0
-2n-OHbbwIv3SY8RP9bgTQ,5,11/9/11,1
-2n-OHbbwIv3SY8RP9bgTQ,4,11/9/11,1
-2n-OHbbwIv3SY8RP9bgTQ,4,11/11/11,0
-2n-OHbbwIv3SY8RP9bgTQ,4,11/13/11,0
-2n-OHbbwIv3SY8RP9bgTQ,5,11/14/11,0
-2n-OHbbwIv3SY8RP9bgTQ,5,11/14/11,0
-2n-OHbbwIv3SY8RP9bgTQ,4,11/16/11,0
-2n-OHbbwIv3SY8RP9bgTQ,4,11/18/11,1
-2n-OHbbwIv3SY8RP9bgTQ,3,11/21/11,0
-2n-OHbbwIv3SY8RP9bgTQ,1,11/25/11,0
-2n-OHbbwIv3SY8RP9bgTQ,2,11/25/11,0
-2n-OHbbwIv3SY8RP9bgTQ,5,11/25/11,0
-2n-OHbbwIv3SY8RP9bgTQ,4,11/30/11,1
-2n-OHbbwIv3SY8RP9bgTQ,4,12/1/11,1
-2n-OHbbwIv3SY8RP9bgTQ,5,12/14/11,1
-2n-OHbbwIv3SY8RP9bgTQ,4,12/18/11,1
-2n-OHbbwIv3SY8RP9bgTQ,3,12/19/11,0
-2n-OHbbwIv3SY8RP9bgTQ,4,12/28/11,0
-2n-OHbbwIv3SY8RP9bgTQ,4,12/30/11,0
-2n-OHbbwIv3SY8RP9bgTQ,3,1/1/12,1
-2n-OHbbwIv3SY8RP9bgTQ,4,1/9/12,0
-2n-OHbbwIv3SY8RP9bgTQ,2,1/17/12,0
-2n-OHbbwIv3SY8RP9bgTQ,4,1/25/12,0
-2n-OHbbwIv3SY8RP9bgTQ,5,2/1/12,0
-2n-OHbbwIv3SY8RP9bgTQ,4,2/3/12,0
-2n-OHbbwIv3SY8RP9bgTQ,5,2/5/12,0
-2n-OHbbwIv3SY8RP9bgTQ,4,2/17/12,0
-2n-OHbbwIv3SY8RP9bgTQ,4,2/19/12,1
-2n-OHbbwIv3SY8RP9bgTQ,4,2/23/12,0
-2n-OHbbwIv3SY8RP9bgTQ,4,2/29/12,1
-2n-OHbbwIv3SY8RP9bgTQ,3,3/4/12,0
-2n-OHbbwIv3SY8RP9bgTQ,4,3/5/12,1
-2n-OHbbwIv3SY8RP9bgTQ,4,3/5/12,1
-2n-OHbbwIv3SY8RP9bgTQ,4,3/6/12,0
-2n-OHbbwIv3SY8RP9bgTQ,5,3/11/12,0
-2n-OHbbwIv3SY8RP9bgTQ,4,3/13/12,1
-2n-OHbbwIv3SY8RP9bgTQ,4,3/16/12,0
-2n-OHbbwIv3SY8RP9bgTQ,4,3/17/12,0
-2n-OHbbwIv3SY8RP9bgTQ,4,3/22/12,0
-2n-OHbbwIv3SY8RP9bgTQ,4,3/28/12,0
-2n-OHbbwIv3SY8RP9bgTQ,2,4/1/12,0
-2n-OHbbwIv3SY8RP9bgTQ,5,4/2/12,0
-2n-OHbbwIv3SY8RP9bgTQ,3,4/6/12,0
-2n-OHbbwIv3SY8RP9bgTQ,5,4/6/12,0
-2n-OHbbwIv3SY8RP9bgTQ,5,4/9/12,0
-2n-OHbbwIv3SY8RP9bgTQ,4,4/11/12,1
-2n-OHbbwIv3SY8RP9bgTQ,1,4/15/12,0
-2n-OHbbwIv3SY8RP9bgTQ,5,4/18/12,0
-2n-OHbbwIv3SY8RP9bgTQ,4,4/19/12,0
-2n-OHbbwIv3SY8RP9bgTQ,4,4/20/12,0
-2n-OHbbwIv3SY8RP9bgTQ,4,4/24/12,0
-2n-OHbbwIv3SY8RP9bgTQ,3,4/28/12,0
-2n-OHbbwIv3SY8RP9bgTQ,5,5/17/12,0
-2n-OHbbwIv3SY8RP9bgTQ,5,5/19/12,0
-2n-OHbbwIv3SY8RP9bgTQ,4,5/23/12,0
-2n-OHbbwIv3SY8RP9bgTQ,1,5/29/12,1
-2n-OHbbwIv3SY8RP9bgTQ,2,6/4/12,1
-2n-OHbbwIv3SY8RP9bgTQ,3,6/13/12,0
-2n-OHbbwIv3SY8RP9bgTQ,1,6/13/12,0
-2n-OHbbwIv3SY8RP9bgTQ,3,6/14/12,1
-2n-OHbbwIv3SY8RP9bgTQ,1,6/14/12,0
-2n-OHbbwIv3SY8RP9bgTQ,1,6/17/12,0
-2n-OHbbwIv3SY8RP9bgTQ,4,6/19/12,0
-2n-OHbbwIv3SY8RP9bgTQ,5,6/28/12,0
-2n-OHbbwIv3SY8RP9bgTQ,3,7/1/12,1
-2n-OHbbwIv3SY8RP9bgTQ,4,7/4/12,0
-2n-OHbbwIv3SY8RP9bgTQ,5,7/7/12,1
-2n-OHbbwIv3SY8RP9bgTQ,4,7/8/12,0
-2n-OHbbwIv3SY8RP9bgTQ,3,7/10/12,0
-2n-OHbbwIv3SY8RP9bgTQ,4,7/11/12,0
-2n-OHbbwIv3SY8RP9bgTQ,4,7/17/12,0
-2n-OHbbwIv3SY8RP9bgTQ,4,7/17/12,0
-2n-OHbbwIv3SY8RP9bgTQ,5,7/26/12,0
-2n-OHbbwIv3SY8RP9bgTQ,4,8/8/12,0
-2n-OHbbwIv3SY8RP9bgTQ,5,8/10/12,0
-2n-OHbbwIv3SY8RP9bgTQ,5,8/15/12,0
-2n-OHbbwIv3SY8RP9bgTQ,3,8/16/12,0
-2n-OHbbwIv3SY8RP9bgTQ,4,8/20/12,1
-2n-OHbbwIv3SY8RP9bgTQ,5,8/20/12,0
-2n-OHbbwIv3SY8RP9bgTQ,4,8/29/12,0
-2n-OHbbwIv3SY8RP9bgTQ,4,8/29/12,1
-2n-OHbbwIv3SY8RP9bgTQ,5,8/31/12,0
-2n-OHbbwIv3SY8RP9bgTQ,4,9/3/12,1
-2n-OHbbwIv3SY8RP9bgTQ,4,9/5/12,0
-2n-OHbbwIv3SY8RP9bgTQ,5,9/17/12,0
-2n-OHbbwIv3SY8RP9bgTQ,4,9/20/12,0
-2n-OHbbwIv3SY8RP9bgTQ,5,9/20/12,0
-2n-OHbbwIv3SY8RP9bgTQ,2,9/27/12,0
-2n-OHbbwIv3SY8RP9bgTQ,4,10/3/12,0
-2n-OHbbwIv3SY8RP9bgTQ,5,10/3/12,0
-2n-OHbbwIv3SY8RP9bgTQ,4,10/10/12,0
-2n-OHbbwIv3SY8RP9bgTQ,4,10/17/12,0
-2n-OHbbwIv3SY8RP9bgTQ,2,10/24/12,1
-2n-OHbbwIv3SY8RP9bgTQ,5,10/30/12,0
-2n-OHbbwIv3SY8RP9bgTQ,3,11/3/12,1
-2n-OHbbwIv3SY8RP9bgTQ,5,11/5/12,0
-2n-OHbbwIv3SY8RP9bgTQ,1,11/9/12,0
-2n-OHbbwIv3SY8RP9bgTQ,4,11/13/12,1
-2n-OHbbwIv3SY8RP9bgTQ,5,11/13/12,1
-2n-OHbbwIv3SY8RP9bgTQ,5,11/18/12,1
-2n-OHbbwIv3SY8RP9bgTQ,2,11/21/12,0
-2n-OHbbwIv3SY8RP9bgTQ,5,11/25/12,0
-2n-OHbbwIv3SY8RP9bgTQ,4,11/25/12,1
-2n-OHbbwIv3SY8RP9bgTQ,4,11/27/12,0
-2n-OHbbwIv3SY8RP9bgTQ,3,12/4/12,1
-2n-OHbbwIv3SY8RP9bgTQ,1,12/5/12,0
-2n-OHbbwIv3SY8RP9bgTQ,5,12/10/12,0
-2n-OHbbwIv3SY8RP9bgTQ,3,12/12/12,0
-2n-OHbbwIv3SY8RP9bgTQ,5,12/14/12,0
-2n-OHbbwIv3SY8RP9bgTQ,4,12/15/12,1
-2n-OHbbwIv3SY8RP9bgTQ,4,12/26/12,0
-2n-OHbbwIv3SY8RP9bgTQ,4,1/1/13,0
-2n-OHbbwIv3SY8RP9bgTQ,5,1/4/13,0
-2n-OHbbwIv3SY8RP9bgTQ,5,1/5/13,1
-2n-OHbbwIv3SY8RP9bgTQ,1,1/6/13,0
-2n-OHbbwIv3SY8RP9bgTQ,5,1/8/13,0
-2n-OHbbwIv3SY8RP9bgTQ,4,1/8/13,0
-2n-OHbbwIv3SY8RP9bgTQ,2,1/11/13,0
-2n-OHbbwIv3SY8RP9bgTQ,4,1/14/13,0
-2n-OHbbwIv3SY8RP9bgTQ,4,1/14/13,0
-2n-OHbbwIv3SY8RP9bgTQ,4,1/16/13,0
-2n-OHbbwIv3SY8RP9bgTQ,4,1/18/13,1
-2n-OHbbwIv3SY8RP9bgTQ,4,1/29/13,0
-2n-OHbbwIv3SY8RP9bgTQ,5,1/31/13,0
-2n-OHbbwIv3SY8RP9bgTQ,3,2/1/13,0
-2n-OHbbwIv3SY8RP9bgTQ,5,2/7/13,0
-2n-OHbbwIv3SY8RP9bgTQ,5,2/9/13,0
-2n-OHbbwIv3SY8RP9bgTQ,4,2/24/13,0
-2n-OHbbwIv3SY8RP9bgTQ,5,2/25/13,0
-2n-OHbbwIv3SY8RP9bgTQ,5,2/26/13,1
-2n-OHbbwIv3SY8RP9bgTQ,4,2/26/13,1
-2n-OHbbwIv3SY8RP9bgTQ,5,3/4/13,0
-2n-OHbbwIv3SY8RP9bgTQ,5,3/5/13,1
-2n-OHbbwIv3SY8RP9bgTQ,5,3/6/13,0
-2n-OHbbwIv3SY8RP9bgTQ,4,3/14/13,0
-2n-OHbbwIv3SY8RP9bgTQ,4,3/17/13,0
-2n-OHbbwIv3SY8RP9bgTQ,5,3/21/13,0
-2n-OHbbwIv3SY8RP9bgTQ,4,3/24/13,1
-2n-OHbbwIv3SY8RP9bgTQ,3,3/25/13,0
-2n-OHbbwIv3SY8RP9bgTQ,4,3/27/13,0
-2n-OHbbwIv3SY8RP9bgTQ,5,3/30/13,0
-2n-OHbbwIv3SY8RP9bgTQ,3,4/1/13,1
-2n-OHbbwIv3SY8RP9bgTQ,5,4/2/13,0
-2n-OHbbwIv3SY8RP9bgTQ,5,4/3/13,0
-2n-OHbbwIv3SY8RP9bgTQ,4,4/5/13,0
-2n-OHbbwIv3SY8RP9bgTQ,5,4/5/13,0
-2n-OHbbwIv3SY8RP9bgTQ,4,4/5/13,0
-2n-OHbbwIv3SY8RP9bgTQ,1,4/7/13,0
-2n-OHbbwIv3SY8RP9bgTQ,5,4/13/13,0
-2n-OHbbwIv3SY8RP9bgTQ,1,4/15/13,1
-2n-OHbbwIv3SY8RP9bgTQ,4,4/15/13,0
-2n-OHbbwIv3SY8RP9bgTQ,5,4/29/13,0
-2n-OHbbwIv3SY8RP9bgTQ,4,4/29/13,0
-2n-OHbbwIv3SY8RP9bgTQ,3,5/2/13,1
-2n-OHbbwIv3SY8RP9bgTQ,4,5/13/13,0
-2n-OHbbwIv3SY8RP9bgTQ,5,5/15/13,0
-2n-OHbbwIv3SY8RP9bgTQ,1,5/18/13,0
-2n-OHbbwIv3SY8RP9bgTQ,3,5/19/13,0
-2n-OHbbwIv3SY8RP9bgTQ,4,5/20/13,0
-2n-OHbbwIv3SY8RP9bgTQ,5,6/1/13,0
-2n-OHbbwIv3SY8RP9bgTQ,4,6/2/13,0
-2n-OHbbwIv3SY8RP9bgTQ,4,6/3/13,0
-2n-OHbbwIv3SY8RP9bgTQ,2,6/11/13,1
-2n-OHbbwIv3SY8RP9bgTQ,5,6/13/13,0
-2n-OHbbwIv3SY8RP9bgTQ,5,6/20/13,0
-2n-OHbbwIv3SY8RP9bgTQ,5,6/20/13,0
-2n-OHbbwIv3SY8RP9bgTQ,5,6/26/13,0
-2n-OHbbwIv3SY8RP9bgTQ,2,7/1/13,0
-2n-OHbbwIv3SY8RP9bgTQ,5,7/6/13,1
-2n-OHbbwIv3SY8RP9bgTQ,4,7/6/13,0
-2n-OHbbwIv3SY8RP9bgTQ,3,7/8/13,0
-2n-OHbbwIv3SY8RP9bgTQ,3,7/12/13,0
-2n-OHbbwIv3SY8RP9bgTQ,3,7/21/13,1
-2n-OHbbwIv3SY8RP9bgTQ,5,7/23/13,0
-2n-OHbbwIv3SY8RP9bgTQ,4,7/25/13,1
-2n-OHbbwIv3SY8RP9bgTQ,4,7/26/13,0
-2n-OHbbwIv3SY8RP9bgTQ,3,7/29/13,0
-2n-OHbbwIv3SY8RP9bgTQ,4,7/29/13,0
-2n-OHbbwIv3SY8RP9bgTQ,4,7/30/13,0
-2n-OHbbwIv3SY8RP9bgTQ,3,8/1/13,1
-2n-OHbbwIv3SY8RP9bgTQ,5,8/5/13,0
-2n-OHbbwIv3SY8RP9bgTQ,3,8/7/13,1
-2n-OHbbwIv3SY8RP9bgTQ,4,8/10/13,0
-2n-OHbbwIv3SY8RP9bgTQ,2,8/12/13,0
-2n-OHbbwIv3SY8RP9bgTQ,5,8/13/13,0
-2n-OHbbwIv3SY8RP9bgTQ,1,8/17/13,0
-2n-OHbbwIv3SY8RP9bgTQ,4,8/18/13,0
-2n-OHbbwIv3SY8RP9bgTQ,1,8/19/13,0
-2n-OHbbwIv3SY8RP9bgTQ,5,8/20/13,0
-2n-OHbbwIv3SY8RP9bgTQ,1,8/22/13,0
-2n-OHbbwIv3SY8RP9bgTQ,5,8/23/13,0
-2n-OHbbwIv3SY8RP9bgTQ,5,8/26/13,0
-2n-OHbbwIv3SY8RP9bgTQ,4,8/28/13,0
-2n-OHbbwIv3SY8RP9bgTQ,4,8/29/13,0
-2n-OHbbwIv3SY8RP9bgTQ,4,9/4/13,0
-2n-OHbbwIv3SY8RP9bgTQ,5,9/4/13,1
-2n-OHbbwIv3SY8RP9bgTQ,1,9/6/13,0
-2n-OHbbwIv3SY8RP9bgTQ,5,9/19/13,0
-2n-OHbbwIv3SY8RP9bgTQ,4,9/22/13,0
-2n-OHbbwIv3SY8RP9bgTQ,5,9/24/13,0
-2n-OHbbwIv3SY8RP9bgTQ,5,9/25/13,0
-2n-OHbbwIv3SY8RP9bgTQ,3,9/29/13,0
-2n-OHbbwIv3SY8RP9bgTQ,4,10/7/13,0
-2n-OHbbwIv3SY8RP9bgTQ,3,10/11/13,0
-2n-OHbbwIv3SY8RP9bgTQ,5,10/13/13,0
-2n-OHbbwIv3SY8RP9bgTQ,4,10/17/13,1
-2n-OHbbwIv3SY8RP9bgTQ,3,10/17/13,0
-2n-OHbbwIv3SY8RP9bgTQ,5,10/17/13,0
-2n-OHbbwIv3SY8RP9bgTQ,1,10/18/13,0
-2n-OHbbwIv3SY8RP9bgTQ,3,10/25/13,0
-2n-OHbbwIv3SY8RP9bgTQ,4,11/7/13,0
-2n-OHbbwIv3SY8RP9bgTQ,2,11/8/13,0
-2n-OHbbwIv3SY8RP9bgTQ,5,11/8/13,0
-2n-OHbbwIv3SY8RP9bgTQ,2,11/12/13,1
-2n-OHbbwIv3SY8RP9bgTQ,4,11/12/13,0
-2n-OHbbwIv3SY8RP9bgTQ,5,11/13/13,0
-2n-OHbbwIv3SY8RP9bgTQ,4,11/15/13,1
-2n-OHbbwIv3SY8RP9bgTQ,4,11/15/13,1
-2n-OHbbwIv3SY8RP9bgTQ,3,11/17/13,0
-2n-OHbbwIv3SY8RP9bgTQ,5,11/18/13,0
-2n-OHbbwIv3SY8RP9bgTQ,5,11/18/13,0
-2n-OHbbwIv3SY8RP9bgTQ,4,11/18/13,1
-2n-OHbbwIv3SY8RP9bgTQ,4,11/26/13,0
-2n-OHbbwIv3SY8RP9bgTQ,1,12/1/13,0
-2n-OHbbwIv3SY8RP9bgTQ,4,12/16/13,1
-2n-OHbbwIv3SY8RP9bgTQ,3,12/19/13,0
-2n-OHbbwIv3SY8RP9bgTQ,4,12/20/13,0
-2n-OHbbwIv3SY8RP9bgTQ,5,12/23/13,0
-2n-OHbbwIv3SY8RP9bgTQ,4,1/5/14,0
-2n-OHbbwIv3SY8RP9bgTQ,5,1/6/14,0
-2n-OHbbwIv3SY8RP9bgTQ,3,1/15/14,1
-2n-OHbbwIv3SY8RP9bgTQ,5,1/17/14,0
-2n-OHbbwIv3SY8RP9bgTQ,2,1/18/14,0
-2n-OHbbwIv3SY8RP9bgTQ,5,1/18/14,1
-2n-OHbbwIv3SY8RP9bgTQ,2,1/19/14,0
-2n-OHbbwIv3SY8RP9bgTQ,4,1/20/14,0
-2n-OHbbwIv3SY8RP9bgTQ,3,1/21/14,0
-2n-OHbbwIv3SY8RP9bgTQ,5,1/22/14,0
-2n-OHbbwIv3SY8RP9bgTQ,3,1/23/14,0
-2n-OHbbwIv3SY8RP9bgTQ,5,1/23/14,0
-2n-OHbbwIv3SY8RP9bgTQ,4,1/24/14,0
-2n-OHbbwIv3SY8RP9bgTQ,3,1/26/14,1
-2n-OHbbwIv3SY8RP9bgTQ,5,2/7/14,0
-2n-OHbbwIv3SY8RP9bgTQ,5,2/9/14,0
-2n-OHbbwIv3SY8RP9bgTQ,5,2/14/14,0
-2n-OHbbwIv3SY8RP9bgTQ,4,2/17/14,0
-2n-OHbbwIv3SY8RP9bgTQ,2,2/18/14,1
-2n-OHbbwIv3SY8RP9bgTQ,4,2/21/14,0
-2n-OHbbwIv3SY8RP9bgTQ,5,2/21/14,0
-2n-OHbbwIv3SY8RP9bgTQ,4,2/21/14,0
-2n-OHbbwIv3SY8RP9bgTQ,5,2/24/14,0
-2n-OHbbwIv3SY8RP9bgTQ,4,2/24/14,0
-2n-OHbbwIv3SY8RP9bgTQ,4,2/26/14,1
-2n-OHbbwIv3SY8RP9bgTQ,2,3/2/14,0
-2n-OHbbwIv3SY8RP9bgTQ,5,3/5/14,0
-2n-OHbbwIv3SY8RP9bgTQ,5,3/5/14,1
-2n-OHbbwIv3SY8RP9bgTQ,5,3/9/14,1
-2n-OHbbwIv3SY8RP9bgTQ,3,3/10/14,0
-2n-OHbbwIv3SY8RP9bgTQ,5,3/11/14,0
-2n-OHbbwIv3SY8RP9bgTQ,2,3/17/14,0
-2n-OHbbwIv3SY8RP9bgTQ,5,3/27/14,0
-2n-OHbbwIv3SY8RP9bgTQ,4,3/28/14,1
-2n-OHbbwIv3SY8RP9bgTQ,4,3/31/14,0
-2n-OHbbwIv3SY8RP9bgTQ,5,4/2/14,1
-2n-OHbbwIv3SY8RP9bgTQ,3,4/3/14,0
-2n-OHbbwIv3SY8RP9bgTQ,4,4/6/14,0
-2n-OHbbwIv3SY8RP9bgTQ,4,4/8/14,0
-2n-OHbbwIv3SY8RP9bgTQ,5,4/13/14,0
-2n-OHbbwIv3SY8RP9bgTQ,5,4/15/14,0
-2n-OHbbwIv3SY8RP9bgTQ,4,4/15/14,0
-2n-OHbbwIv3SY8RP9bgTQ,5,4/19/14,1
-2n-OHbbwIv3SY8RP9bgTQ,1,4/19/14,0
-2n-OHbbwIv3SY8RP9bgTQ,5,4/21/14,0
-2n-OHbbwIv3SY8RP9bgTQ,2,4/25/14,0
-2n-OHbbwIv3SY8RP9bgTQ,5,4/28/14,0
-2n-OHbbwIv3SY8RP9bgTQ,5,5/2/14,0
-2n-OHbbwIv3SY8RP9bgTQ,4,5/2/14,0
-2n-OHbbwIv3SY8RP9bgTQ,3,5/5/14,0
-2n-OHbbwIv3SY8RP9bgTQ,1,5/6/14,0
-2n-OHbbwIv3SY8RP9bgTQ,4,5/17/14,1
-2n-OHbbwIv3SY8RP9bgTQ,5,5/19/14,0
-2n-OHbbwIv3SY8RP9bgTQ,2,5/22/14,0
-2n-OHbbwIv3SY8RP9bgTQ,4,5/23/14,0
-2n-OHbbwIv3SY8RP9bgTQ,4,5/26/14,0
-2n-OHbbwIv3SY8RP9bgTQ,3,5/27/14,0
-2n-OHbbwIv3SY8RP9bgTQ,4,5/28/14,0
-2n-OHbbwIv3SY8RP9bgTQ,5,5/30/14,0
-2n-OHbbwIv3SY8RP9bgTQ,3,5/31/14,1
-2n-OHbbwIv3SY8RP9bgTQ,4,6/1/14,0
-2n-OHbbwIv3SY8RP9bgTQ,5,6/2/14,0
-2n-OHbbwIv3SY8RP9bgTQ,4,6/2/14,0
-2n-OHbbwIv3SY8RP9bgTQ,4,6/8/14,0
-2n-OHbbwIv3SY8RP9bgTQ,3,6/11/14,1
-2n-OHbbwIv3SY8RP9bgTQ,5,6/11/14,0
-2n-OHbbwIv3SY8RP9bgTQ,4,6/11/14,0
-2n-OHbbwIv3SY8RP9bgTQ,5,6/11/14,0
-2n-OHbbwIv3SY8RP9bgTQ,4,6/14/14,1
-2n-OHbbwIv3SY8RP9bgTQ,5,6/15/14,0
-2n-OHbbwIv3SY8RP9bgTQ,5,6/17/14,0
-2n-OHbbwIv3SY8RP9bgTQ,5,6/17/14,0
-2n-OHbbwIv3SY8RP9bgTQ,1,6/19/14,0
-2n-OHbbwIv3SY8RP9bgTQ,5,6/26/14,0
-2n-OHbbwIv3SY8RP9bgTQ,4,6/28/14,0
-2n-OHbbwIv3SY8RP9bgTQ,4,6/29/14,0
-2n-OHbbwIv3SY8RP9bgTQ,5,7/3/14,0
-2n-OHbbwIv3SY8RP9bgTQ,1,7/4/14,0
-2n-OHbbwIv3SY8RP9bgTQ,4,7/4/14,0
-2n-OHbbwIv3SY8RP9bgTQ,1,7/5/14,0
-2n-OHbbwIv3SY8RP9bgTQ,5,7/6/14,0
-2n-OHbbwIv3SY8RP9bgTQ,5,7/9/14,0
-2n-OHbbwIv3SY8RP9bgTQ,4,7/9/14,0
-2n-OHbbwIv3SY8RP9bgTQ,4,7/10/14,0
-2n-OHbbwIv3SY8RP9bgTQ,4,7/18/14,0
-2n-OHbbwIv3SY8RP9bgTQ,4,7/20/14,0
-2n-OHbbwIv3SY8RP9bgTQ,5,7/26/14,0
-2n-OHbbwIv3SY8RP9bgTQ,4,7/27/14,0
-2n-OHbbwIv3SY8RP9bgTQ,4,7/27/14,0
-2n-OHbbwIv3SY8RP9bgTQ,3,7/27/14,0
-2n-OHbbwIv3SY8RP9bgTQ,3,7/30/14,0
-2n-OHbbwIv3SY8RP9bgTQ,3,7/31/14,0
-2n-OHbbwIv3SY8RP9bgTQ,3,8/2/14,0
-2n-OHbbwIv3SY8RP9bgTQ,5,8/2/14,0
-2n-OHbbwIv3SY8RP9bgTQ,4,8/2/14,0
-2n-OHbbwIv3SY8RP9bgTQ,5,8/5/14,0
-2n-OHbbwIv3SY8RP9bgTQ,5,8/10/14,0
-2n-OHbbwIv3SY8RP9bgTQ,4,8/14/14,0
-2n-OHbbwIv3SY8RP9bgTQ,5,8/15/14,0
-2n-OHbbwIv3SY8RP9bgTQ,3,8/16/14,0
-2n-OHbbwIv3SY8RP9bgTQ,4,8/19/14,0
-2n-OHbbwIv3SY8RP9bgTQ,5,9/4/14,1
-2n-OHbbwIv3SY8RP9bgTQ,5,9/6/14,0
-2n-OHbbwIv3SY8RP9bgTQ,5,9/6/14,0
-2n-OHbbwIv3SY8RP9bgTQ,4,9/11/14,0
-2n-OHbbwIv3SY8RP9bgTQ,4,9/11/14,0
-2n-OHbbwIv3SY8RP9bgTQ,5,9/11/14,0
-2n-OHbbwIv3SY8RP9bgTQ,5,9/14/14,0
-2n-OHbbwIv3SY8RP9bgTQ,3,9/14/14,1
-2n-OHbbwIv3SY8RP9bgTQ,4,9/14/14,1
-2n-OHbbwIv3SY8RP9bgTQ,5,9/20/14,0
-2n-OHbbwIv3SY8RP9bgTQ,5,9/21/14,0
-2n-OHbbwIv3SY8RP9bgTQ,3,9/23/14,0
-2n-OHbbwIv3SY8RP9bgTQ,4,9/24/14,0
-2n-OHbbwIv3SY8RP9bgTQ,3,9/30/14,0
-2n-OHbbwIv3SY8RP9bgTQ,1,10/2/14,0
-2n-OHbbwIv3SY8RP9bgTQ,5,10/3/14,0
-2n-OHbbwIv3SY8RP9bgTQ,5,10/5/14,0
-2n-OHbbwIv3SY8RP9bgTQ,5,10/5/14,0
-2n-OHbbwIv3SY8RP9bgTQ,4,10/12/14,0
-2n-OHbbwIv3SY8RP9bgTQ,4,10/13/14,0
-2n-OHbbwIv3SY8RP9bgTQ,5,10/13/14,0
-2n-OHbbwIv3SY8RP9bgTQ,5,10/15/14,0
-2n-OHbbwIv3SY8RP9bgTQ,3,10/18/14,0
-2n-OHbbwIv3SY8RP9bgTQ,3,10/18/14,0
-2n-OHbbwIv3SY8RP9bgTQ,3,10/22/14,0
-2n-OHbbwIv3SY8RP9bgTQ,1,10/28/14,0
-2n-OHbbwIv3SY8RP9bgTQ,4,10/29/14,0
-2n-OHbbwIv3SY8RP9bgTQ,4,10/30/14,0
-2n-OHbbwIv3SY8RP9bgTQ,1,11/4/14,0
-2n-OHbbwIv3SY8RP9bgTQ,5,11/4/14,0
-2n-OHbbwIv3SY8RP9bgTQ,4,11/5/14,0
-2n-OHbbwIv3SY8RP9bgTQ,5,11/9/14,0
-2n-OHbbwIv3SY8RP9bgTQ,2,11/10/14,1
-2n-OHbbwIv3SY8RP9bgTQ,5,11/13/14,0
-2n-OHbbwIv3SY8RP9bgTQ,5,11/16/14,0
-2n-OHbbwIv3SY8RP9bgTQ,5,11/16/14,0
-2n-OHbbwIv3SY8RP9bgTQ,5,11/17/14,0
-2n-OHbbwIv3SY8RP9bgTQ,4,11/17/14,1
-2n-OHbbwIv3SY8RP9bgTQ,4,11/20/14,0
-2n-OHbbwIv3SY8RP9bgTQ,4,11/20/14,0
-2n-OHbbwIv3SY8RP9bgTQ,5,11/20/14,0
-2n-OHbbwIv3SY8RP9bgTQ,3,11/24/14,0
-2n-OHbbwIv3SY8RP9bgTQ,5,11/26/14,1
-2n-OHbbwIv3SY8RP9bgTQ,3,11/30/14,0
-2n-OHbbwIv3SY8RP9bgTQ,1,12/2/14,0
-2n-OHbbwIv3SY8RP9bgTQ,2,12/3/14,0
-2n-OHbbwIv3SY8RP9bgTQ,5,12/9/14,0
-2n-OHbbwIv3SY8RP9bgTQ,3,12/17/14,0
-2n-OHbbwIv3SY8RP9bgTQ,5,12/18/14,0
-2n-OHbbwIv3SY8RP9bgTQ,4,12/19/14,0
-2n-OHbbwIv3SY8RP9bgTQ,5,12/22/14,0
-2n-OHbbwIv3SY8RP9bgTQ,5,12/24/14,0
-2n-OHbbwIv3SY8RP9bgTQ,4,12/26/14,1
-2n-OHbbwIv3SY8RP9bgTQ,4,12/27/14,0
-2n-OHbbwIv3SY8RP9bgTQ,5,12/30/14,0
-2n-OHbbwIv3SY8RP9bgTQ,4,1/1/15,0
-2n-OHbbwIv3SY8RP9bgTQ,4,1/1/15,0
-2n-OHbbwIv3SY8RP9bgTQ,5,1/1/15,0
-2n-OHbbwIv3SY8RP9bgTQ,5,1/1/15,0
-2n-OHbbwIv3SY8RP9bgTQ,4,1/1/15,0
-2n-OHbbwIv3SY8RP9bgTQ,4,1/2/15,1
-2n-OHbbwIv3SY8RP9bgTQ,4,1/4/15,0
-2n-OHbbwIv3SY8RP9bgTQ,3,1/11/15,0
-2n-OHbbwIv3SY8RP9bgTQ,5,1/12/15,0
-2n-OHbbwIv3SY8RP9bgTQ,4,1/12/15,0
-2n-OHbbwIv3SY8RP9bgTQ,5,1/12/15,0
-2n-OHbbwIv3SY8RP9bgTQ,5,1/13/15,1
-2n-OHbbwIv3SY8RP9bgTQ,1,1/14/15,0
-2n-OHbbwIv3SY8RP9bgTQ,2,1/15/15,1
-2n-OHbbwIv3SY8RP9bgTQ,3,1/19/15,0
-2n-OHbbwIv3SY8RP9bgTQ,5,1/24/15,1
-2n-OHbbwIv3SY8RP9bgTQ,4,1/24/15,0
-2n-OHbbwIv3SY8RP9bgTQ,4,1/24/15,0
-2n-OHbbwIv3SY8RP9bgTQ,3,1/24/15,0
-2n-OHbbwIv3SY8RP9bgTQ,2,1/24/15,0
-2n-OHbbwIv3SY8RP9bgTQ,5,1/25/15,0
-2n-OHbbwIv3SY8RP9bgTQ,3,1/27/15,1
-2n-OHbbwIv3SY8RP9bgTQ,2,1/29/15,1
-2n-OHbbwIv3SY8RP9bgTQ,4,2/4/15,0
-2n-OHbbwIv3SY8RP9bgTQ,1,2/12/15,0
-2n-OHbbwIv3SY8RP9bgTQ,2,2/17/15,0
-2n-OHbbwIv3SY8RP9bgTQ,4,2/19/15,0
-2n-OHbbwIv3SY8RP9bgTQ,3,2/20/15,0
-2n-OHbbwIv3SY8RP9bgTQ,5,2/20/15,0
-2n-OHbbwIv3SY8RP9bgTQ,4,2/21/15,0
-2n-OHbbwIv3SY8RP9bgTQ,4,2/21/15,0
-2n-OHbbwIv3SY8RP9bgTQ,4,2/21/15,1
-2n-OHbbwIv3SY8RP9bgTQ,4,2/22/15,0
-2n-OHbbwIv3SY8RP9bgTQ,3,2/22/15,0
-2n-OHbbwIv3SY8RP9bgTQ,4,2/24/15,1
-2n-OHbbwIv3SY8RP9bgTQ,5,2/27/15,0
-2n-OHbbwIv3SY8RP9bgTQ,5,2/27/15,0
-2n-OHbbwIv3SY8RP9bgTQ,5,3/1/15,0
-2n-OHbbwIv3SY8RP9bgTQ,4,3/2/15,1
-2n-OHbbwIv3SY8RP9bgTQ,4,3/2/15,0
-2n-OHbbwIv3SY8RP9bgTQ,3,3/2/15,0
-2n-OHbbwIv3SY8RP9bgTQ,2,3/3/15,0
-2n-OHbbwIv3SY8RP9bgTQ,5,3/4/15,0
-2n-OHbbwIv3SY8RP9bgTQ,3,3/10/15,0
-2n-OHbbwIv3SY8RP9bgTQ,5,3/11/15,0
-2n-OHbbwIv3SY8RP9bgTQ,2,3/15/15,0
-2n-OHbbwIv3SY8RP9bgTQ,5,3/16/15,1
-2n-OHbbwIv3SY8RP9bgTQ,4,3/26/15,0
-2n-OHbbwIv3SY8RP9bgTQ,5,3/28/15,0
-2n-OHbbwIv3SY8RP9bgTQ,4,3/31/15,0
-2n-OHbbwIv3SY8RP9bgTQ,3,4/2/15,0
-2n-OHbbwIv3SY8RP9bgTQ,4,4/4/15,0
-2n-OHbbwIv3SY8RP9bgTQ,4,4/5/15,0
-2n-OHbbwIv3SY8RP9bgTQ,4,4/6/15,1
-2n-OHbbwIv3SY8RP9bgTQ,5,4/6/15,0
-2n-OHbbwIv3SY8RP9bgTQ,5,4/6/15,0
-2n-OHbbwIv3SY8RP9bgTQ,1,4/10/15,0
-2n-OHbbwIv3SY8RP9bgTQ,4,4/10/15,0
-2n-OHbbwIv3SY8RP9bgTQ,4,4/21/15,0
-2n-OHbbwIv3SY8RP9bgTQ,5,4/21/15,0
-2n-OHbbwIv3SY8RP9bgTQ,2,4/22/15,0
-2n-OHbbwIv3SY8RP9bgTQ,5,4/23/15,0
-2n-OHbbwIv3SY8RP9bgTQ,5,5/5/15,1
-2n-OHbbwIv3SY8RP9bgTQ,4,5/5/15,0
-2n-OHbbwIv3SY8RP9bgTQ,2,5/6/15,0
-2n-OHbbwIv3SY8RP9bgTQ,5,5/6/15,0
-2n-OHbbwIv3SY8RP9bgTQ,4,5/9/15,0
-2n-OHbbwIv3SY8RP9bgTQ,4,5/13/15,0
-2n-OHbbwIv3SY8RP9bgTQ,2,5/14/15,0
-2n-OHbbwIv3SY8RP9bgTQ,3,5/15/15,0
-2n-OHbbwIv3SY8RP9bgTQ,5,5/26/15,0
-2n-OHbbwIv3SY8RP9bgTQ,5,5/27/15,0
-2n-OHbbwIv3SY8RP9bgTQ,3,5/28/15,0
-2n-OHbbwIv3SY8RP9bgTQ,5,5/29/15,0
-2n-OHbbwIv3SY8RP9bgTQ,5,5/29/15,0
-2n-OHbbwIv3SY8RP9bgTQ,5,6/5/15,0
-2n-OHbbwIv3SY8RP9bgTQ,5,6/5/15,0
-2n-OHbbwIv3SY8RP9bgTQ,5,6/6/15,0
-2n-OHbbwIv3SY8RP9bgTQ,4,6/8/15,0
-2n-OHbbwIv3SY8RP9bgTQ,5,6/9/15,0
-2n-OHbbwIv3SY8RP9bgTQ,4,6/9/15,1
-2n-OHbbwIv3SY8RP9bgTQ,5,6/12/15,0
-2n-OHbbwIv3SY8RP9bgTQ,5,6/17/15,0
-2n-OHbbwIv3SY8RP9bgTQ,4,6/21/15,0
-2n-OHbbwIv3SY8RP9bgTQ,5,6/21/15,0
-2n-OHbbwIv3SY8RP9bgTQ,5,6/22/15,0
-2n-OHbbwIv3SY8RP9bgTQ,3,6/22/15,0
-2n-OHbbwIv3SY8RP9bgTQ,4,6/23/15,1
-2n-OHbbwIv3SY8RP9bgTQ,4,6/24/15,0
-2n-OHbbwIv3SY8RP9bgTQ,4,6/26/15,0
-2n-OHbbwIv3SY8RP9bgTQ,4,6/27/15,0
-2n-OHbbwIv3SY8RP9bgTQ,5,6/28/15,0
-2n-OHbbwIv3SY8RP9bgTQ,3,6/30/15,0
-2n-OHbbwIv3SY8RP9bgTQ,5,7/8/15,0
-2n-OHbbwIv3SY8RP9bgTQ,3,7/11/15,1
-2n-OHbbwIv3SY8RP9bgTQ,5,7/12/15,0
-2n-OHbbwIv3SY8RP9bgTQ,5,7/12/15,0
-2n-OHbbwIv3SY8RP9bgTQ,3,7/13/15,0
-2n-OHbbwIv3SY8RP9bgTQ,5,7/15/15,0
-2n-OHbbwIv3SY8RP9bgTQ,3,7/16/15,0
-2n-OHbbwIv3SY8RP9bgTQ,5,7/18/15,0
-2n-OHbbwIv3SY8RP9bgTQ,5,7/20/15,0
-2n-OHbbwIv3SY8RP9bgTQ,5,7/22/15,0
-2n-OHbbwIv3SY8RP9bgTQ,5,7/23/15,0
-2n-OHbbwIv3SY8RP9bgTQ,5,7/25/15,0
-2n-OHbbwIv3SY8RP9bgTQ,5,7/27/15,0
-2n-OHbbwIv3SY8RP9bgTQ,5,7/28/15,0
-2n-OHbbwIv3SY8RP9bgTQ,5,7/29/15,0
-2n-OHbbwIv3SY8RP9bgTQ,5,7/30/15,0
-2n-OHbbwIv3SY8RP9bgTQ,5,7/30/15,0
-2n-OHbbwIv3SY8RP9bgTQ,1,8/2/15,0
-2n-OHbbwIv3SY8RP9bgTQ,5,8/4/15,0
-2n-OHbbwIv3SY8RP9bgTQ,5,8/7/15,0
-2n-OHbbwIv3SY8RP9bgTQ,4,8/16/15,0
-2n-OHbbwIv3SY8RP9bgTQ,5,8/22/15,0
-2n-OHbbwIv3SY8RP9bgTQ,3,8/22/15,0
-2n-OHbbwIv3SY8RP9bgTQ,5,8/28/15,0
-2n-OHbbwIv3SY8RP9bgTQ,5,8/29/15,0
-2n-OHbbwIv3SY8RP9bgTQ,1,9/2/15,0
-2n-OHbbwIv3SY8RP9bgTQ,2,9/5/15,0
-2n-OHbbwIv3SY8RP9bgTQ,4,9/7/15,0
-2n-OHbbwIv3SY8RP9bgTQ,5,9/10/15,0
-2n-OHbbwIv3SY8RP9bgTQ,5,9/10/15,0
-2n-OHbbwIv3SY8RP9bgTQ,5,9/12/15,0
-2n-OHbbwIv3SY8RP9bgTQ,5,9/12/15,0
-2n-OHbbwIv3SY8RP9bgTQ,5,9/14/15,0
-2n-OHbbwIv3SY8RP9bgTQ,5,9/19/15,1
-2n-OHbbwIv3SY8RP9bgTQ,5,9/19/15,0
-2n-OHbbwIv3SY8RP9bgTQ,5,9/22/15,1
-2n-OHbbwIv3SY8RP9bgTQ,4,9/24/15,1
-2n-OHbbwIv3SY8RP9bgTQ,1,9/26/15,0
-2n-OHbbwIv3SY8RP9bgTQ,4,9/27/15,0
-2n-OHbbwIv3SY8RP9bgTQ,5,9/29/15,0
-2n-OHbbwIv3SY8RP9bgTQ,4,10/7/15,0
-2n-OHbbwIv3SY8RP9bgTQ,5,10/12/15,0
-2n-OHbbwIv3SY8RP9bgTQ,5,10/15/15,0
-2n-OHbbwIv3SY8RP9bgTQ,5,10/18/15,0
-2n-OHbbwIv3SY8RP9bgTQ,5,10/18/15,0
-2n-OHbbwIv3SY8RP9bgTQ,5,10/19/15,0
-2n-OHbbwIv3SY8RP9bgTQ,1,10/25/15,0
-2n-OHbbwIv3SY8RP9bgTQ,5,10/27/15,0
-2n-OHbbwIv3SY8RP9bgTQ,5,11/2/15,0
-2n-OHbbwIv3SY8RP9bgTQ,1,11/9/15,0
-2n-OHbbwIv3SY8RP9bgTQ,4,11/12/15,0
-2n-OHbbwIv3SY8RP9bgTQ,5,11/13/15,0
-2n-OHbbwIv3SY8RP9bgTQ,5,11/15/15,0
-2n-OHbbwIv3SY8RP9bgTQ,5,11/17/15,0
-2n-OHbbwIv3SY8RP9bgTQ,1,11/19/15,0
-2n-OHbbwIv3SY8RP9bgTQ,5,11/19/15,0
-2n-OHbbwIv3SY8RP9bgTQ,3,11/19/15,1
-2n-OHbbwIv3SY8RP9bgTQ,5,11/22/15,0
-2n-OHbbwIv3SY8RP9bgTQ,4,11/30/15,0
-2n-OHbbwIv3SY8RP9bgTQ,5,12/4/15,0
-2n-OHbbwIv3SY8RP9bgTQ,4,12/5/15,0
-2n-OHbbwIv3SY8RP9bgTQ,5,12/10/15,0
-2n-OHbbwIv3SY8RP9bgTQ,5,12/14/15,0
-2n-OHbbwIv3SY8RP9bgTQ,5,12/16/15,0
-2n-OHbbwIv3SY8RP9bgTQ,3,12/17/15,0
-36CwMJZJigqPMYrx9BJzw,3,1/3/08,1
-36CwMJZJigqPMYrx9BJzw,2,11/18/08,1
-36CwMJZJigqPMYrx9BJzw,3,3/31/09,1
-36CwMJZJigqPMYrx9BJzw,2,9/13/09,0
-36CwMJZJigqPMYrx9BJzw,1,9/24/09,0
-36CwMJZJigqPMYrx9BJzw,4,11/24/09,0
-36CwMJZJigqPMYrx9BJzw,2,12/24/09,0
-36CwMJZJigqPMYrx9BJzw,1,12/29/09,0
-36CwMJZJigqPMYrx9BJzw,2,1/26/10,1
-36CwMJZJigqPMYrx9BJzw,5,5/13/10,0
-36CwMJZJigqPMYrx9BJzw,2,7/6/10,0
-36CwMJZJigqPMYrx9BJzw,5,8/18/10,0
-36CwMJZJigqPMYrx9BJzw,3,12/21/10,0
-36CwMJZJigqPMYrx9BJzw,2,12/24/10,0
-36CwMJZJigqPMYrx9BJzw,1,12/29/10,1
-36CwMJZJigqPMYrx9BJzw,1,1/11/11,0
-36CwMJZJigqPMYrx9BJzw,3,2/4/11,0
-36CwMJZJigqPMYrx9BJzw,3,4/5/11,1
-36CwMJZJigqPMYrx9BJzw,4,7/8/11,0
-36CwMJZJigqPMYrx9BJzw,2,8/2/11,1
-36CwMJZJigqPMYrx9BJzw,4,8/21/11,1
-36CwMJZJigqPMYrx9BJzw,4,9/4/11,0
-36CwMJZJigqPMYrx9BJzw,3,9/5/11,0
-36CwMJZJigqPMYrx9BJzw,1,9/10/11,0
-36CwMJZJigqPMYrx9BJzw,5,9/19/11,1
-36CwMJZJigqPMYrx9BJzw,1,9/28/11,0
-36CwMJZJigqPMYrx9BJzw,3,10/30/11,1
-36CwMJZJigqPMYrx9BJzw,3,11/26/11,0
-36CwMJZJigqPMYrx9BJzw,4,11/29/11,0
-36CwMJZJigqPMYrx9BJzw,2,1/1/12,0
-36CwMJZJigqPMYrx9BJzw,3,1/3/12,0
-36CwMJZJigqPMYrx9BJzw,4,1/30/12,1
-36CwMJZJigqPMYrx9BJzw,1,2/22/12,0
-36CwMJZJigqPMYrx9BJzw,3,4/23/12,0
-36CwMJZJigqPMYrx9BJzw,3,9/27/12,0
-36CwMJZJigqPMYrx9BJzw,1,10/26/12,0
-36CwMJZJigqPMYrx9BJzw,3,1/2/13,1
-36CwMJZJigqPMYrx9BJzw,3,2/6/13,1
-36CwMJZJigqPMYrx9BJzw,1,2/8/13,0
-36CwMJZJigqPMYrx9BJzw,1,2/13/13,0
-36CwMJZJigqPMYrx9BJzw,4,2/21/13,0
-36CwMJZJigqPMYrx9BJzw,1,3/18/13,0
-36CwMJZJigqPMYrx9BJzw,3,4/5/13,0
-36CwMJZJigqPMYrx9BJzw,2,4/11/13,0
-36CwMJZJigqPMYrx9BJzw,1,4/24/13,0
-36CwMJZJigqPMYrx9BJzw,3,5/28/13,1
-36CwMJZJigqPMYrx9BJzw,5,6/10/13,1
-36CwMJZJigqPMYrx9BJzw,3,7/2/13,0
-36CwMJZJigqPMYrx9BJzw,4,7/19/13,0
-36CwMJZJigqPMYrx9BJzw,4,8/13/13,0
-36CwMJZJigqPMYrx9BJzw,5,9/13/13,1
-36CwMJZJigqPMYrx9BJzw,4,9/30/13,0
-36CwMJZJigqPMYrx9BJzw,4,10/8/13,0
-36CwMJZJigqPMYrx9BJzw,2,11/11/13,0
-36CwMJZJigqPMYrx9BJzw,2,11/16/13,0
-36CwMJZJigqPMYrx9BJzw,4,12/4/13,1
-36CwMJZJigqPMYrx9BJzw,4,1/10/14,0
-36CwMJZJigqPMYrx9BJzw,4,2/1/14,0
-36CwMJZJigqPMYrx9BJzw,2,2/15/14,0
-36CwMJZJigqPMYrx9BJzw,3,4/6/14,0
-36CwMJZJigqPMYrx9BJzw,2,4/13/14,0
-36CwMJZJigqPMYrx9BJzw,5,4/14/14,0
-36CwMJZJigqPMYrx9BJzw,1,5/30/14,0
-36CwMJZJigqPMYrx9BJzw,3,6/27/14,1
-36CwMJZJigqPMYrx9BJzw,3,6/27/14,0
-36CwMJZJigqPMYrx9BJzw,1,7/1/14,0
-36CwMJZJigqPMYrx9BJzw,2,7/3/14,0
-36CwMJZJigqPMYrx9BJzw,2,7/11/14,0
-36CwMJZJigqPMYrx9BJzw,1,7/15/14,0
-36CwMJZJigqPMYrx9BJzw,2,7/17/14,0
-36CwMJZJigqPMYrx9BJzw,2,7/24/14,0
-36CwMJZJigqPMYrx9BJzw,4,7/27/14,0
-36CwMJZJigqPMYrx9BJzw,1,7/27/14,0
-36CwMJZJigqPMYrx9BJzw,1,9/14/14,0
-36CwMJZJigqPMYrx9BJzw,5,10/5/14,0
-36CwMJZJigqPMYrx9BJzw,4,10/10/14,0
-36CwMJZJigqPMYrx9BJzw,1,10/12/14,0
-36CwMJZJigqPMYrx9BJzw,2,11/10/14,0
-36CwMJZJigqPMYrx9BJzw,1,12/19/14,0
-36CwMJZJigqPMYrx9BJzw,3,12/24/14,0
-36CwMJZJigqPMYrx9BJzw,1,12/26/14,0
-36CwMJZJigqPMYrx9BJzw,4,12/30/14,0
-36CwMJZJigqPMYrx9BJzw,4,1/5/15,0
-36CwMJZJigqPMYrx9BJzw,4,1/7/15,0
-36CwMJZJigqPMYrx9BJzw,2,2/9/15,0
-36CwMJZJigqPMYrx9BJzw,3,2/21/15,0
-36CwMJZJigqPMYrx9BJzw,1,2/21/15,0
-36CwMJZJigqPMYrx9BJzw,4,3/5/15,0
-36CwMJZJigqPMYrx9BJzw,4,3/8/15,0
-36CwMJZJigqPMYrx9BJzw,5,3/17/15,0
-36CwMJZJigqPMYrx9BJzw,1,4/18/15,0
-36CwMJZJigqPMYrx9BJzw,4,4/24/15,0
-36CwMJZJigqPMYrx9BJzw,3,5/11/15,0
-36CwMJZJigqPMYrx9BJzw,1,5/19/15,0
-36CwMJZJigqPMYrx9BJzw,5,5/22/15,0
-36CwMJZJigqPMYrx9BJzw,1,6/3/15,0
-36CwMJZJigqPMYrx9BJzw,1,6/4/15,0
-36CwMJZJigqPMYrx9BJzw,1,6/19/15,1
-36CwMJZJigqPMYrx9BJzw,2,6/19/15,0
-36CwMJZJigqPMYrx9BJzw,5,6/20/15,0
-36CwMJZJigqPMYrx9BJzw,2,6/30/15,0
-36CwMJZJigqPMYrx9BJzw,5,7/4/15,0
-36CwMJZJigqPMYrx9BJzw,1,7/13/15,0
-36CwMJZJigqPMYrx9BJzw,2,7/13/15,0
-36CwMJZJigqPMYrx9BJzw,1,7/15/15,0
-36CwMJZJigqPMYrx9BJzw,5,7/23/15,0
-36CwMJZJigqPMYrx9BJzw,1,7/23/15,0
-36CwMJZJigqPMYrx9BJzw,4,7/26/15,0
-36CwMJZJigqPMYrx9BJzw,2,8/7/15,0
-36CwMJZJigqPMYrx9BJzw,5,8/9/15,0
-36CwMJZJigqPMYrx9BJzw,1,8/16/15,0
-36CwMJZJigqPMYrx9BJzw,3,8/27/15,0
-36CwMJZJigqPMYrx9BJzw,5,9/1/15,0
-36CwMJZJigqPMYrx9BJzw,4,9/9/15,0
-36CwMJZJigqPMYrx9BJzw,5,9/17/15,0
-36CwMJZJigqPMYrx9BJzw,1,9/23/15,0
-36CwMJZJigqPMYrx9BJzw,2,9/27/15,0
-36CwMJZJigqPMYrx9BJzw,5,10/3/15,0
-36CwMJZJigqPMYrx9BJzw,3,10/8/15,0
-36CwMJZJigqPMYrx9BJzw,3,10/27/15,1
-36CwMJZJigqPMYrx9BJzw,4,11/8/15,0
-36CwMJZJigqPMYrx9BJzw,5,11/13/15,0
-36CwMJZJigqPMYrx9BJzw,5,11/16/15,0
-36CwMJZJigqPMYrx9BJzw,3,11/25/15,1
-36CwMJZJigqPMYrx9BJzw,2,11/25/15,0
-36CwMJZJigqPMYrx9BJzw,3,12/14/15,0
-36CwMJZJigqPMYrx9BJzw,4,12/17/15,0
-3WVw1TNQbPBzaKCaQQ1AQ,5,1/19/07,1
-3WVw1TNQbPBzaKCaQQ1AQ,4,3/26/07,1
-3WVw1TNQbPBzaKCaQQ1AQ,1,3/28/07,0
-3WVw1TNQbPBzaKCaQQ1AQ,4,4/16/07,1
-3WVw1TNQbPBzaKCaQQ1AQ,3,6/18/07,1
-3WVw1TNQbPBzaKCaQQ1AQ,3,8/2/07,1
-3WVw1TNQbPBzaKCaQQ1AQ,5,11/28/07,1
-3WVw1TNQbPBzaKCaQQ1AQ,2,12/11/07,1
-3WVw1TNQbPBzaKCaQQ1AQ,3,1/12/08,1
-3WVw1TNQbPBzaKCaQQ1AQ,1,1/26/08,1
-3WVw1TNQbPBzaKCaQQ1AQ,2,2/4/08,0
-3WVw1TNQbPBzaKCaQQ1AQ,4,2/7/08,0
-3WVw1TNQbPBzaKCaQQ1AQ,4,2/16/08,0
-3WVw1TNQbPBzaKCaQQ1AQ,4,4/22/08,0
-3WVw1TNQbPBzaKCaQQ1AQ,4,4/23/08,1
-3WVw1TNQbPBzaKCaQQ1AQ,5,4/30/08,1
-3WVw1TNQbPBzaKCaQQ1AQ,4,5/4/08,1
-3WVw1TNQbPBzaKCaQQ1AQ,4,5/19/08,0
-3WVw1TNQbPBzaKCaQQ1AQ,4,5/28/08,0
-3WVw1TNQbPBzaKCaQQ1AQ,1,5/31/08,0
-3WVw1TNQbPBzaKCaQQ1AQ,4,7/2/08,1
-3WVw1TNQbPBzaKCaQQ1AQ,4,8/5/08,1
-3WVw1TNQbPBzaKCaQQ1AQ,4,8/18/08,0
-3WVw1TNQbPBzaKCaQQ1AQ,4,9/28/08,1
-3WVw1TNQbPBzaKCaQQ1AQ,3,10/17/08,1
-3WVw1TNQbPBzaKCaQQ1AQ,3,10/22/08,0
-3WVw1TNQbPBzaKCaQQ1AQ,4,11/2/08,1
-3WVw1TNQbPBzaKCaQQ1AQ,4,1/27/09,0
-3WVw1TNQbPBzaKCaQQ1AQ,4,2/3/09,1
-3WVw1TNQbPBzaKCaQQ1AQ,4,2/3/09,0
-3WVw1TNQbPBzaKCaQQ1AQ,5,2/19/09,0
-3WVw1TNQbPBzaKCaQQ1AQ,5,3/3/09,1
-3WVw1TNQbPBzaKCaQQ1AQ,3,3/10/09,0
-3WVw1TNQbPBzaKCaQQ1AQ,5,3/16/09,0
-3WVw1TNQbPBzaKCaQQ1AQ,4,4/24/09,1
-3WVw1TNQbPBzaKCaQQ1AQ,4,5/28/09,1
-3WVw1TNQbPBzaKCaQQ1AQ,4,6/29/09,0
-3WVw1TNQbPBzaKCaQQ1AQ,3,7/23/09,0
-3WVw1TNQbPBzaKCaQQ1AQ,5,8/4/09,0
-3WVw1TNQbPBzaKCaQQ1AQ,4,8/11/09,1
-3WVw1TNQbPBzaKCaQQ1AQ,4,8/26/09,0
-3WVw1TNQbPBzaKCaQQ1AQ,4,9/16/09,1
-3WVw1TNQbPBzaKCaQQ1AQ,4,10/22/09,0
-3WVw1TNQbPBzaKCaQQ1AQ,4,10/22/09,1
-3WVw1TNQbPBzaKCaQQ1AQ,4,11/26/09,1
-3WVw1TNQbPBzaKCaQQ1AQ,5,1/31/10,0
-3WVw1TNQbPBzaKCaQQ1AQ,4,2/8/10,1
-3WVw1TNQbPBzaKCaQQ1AQ,4,2/12/10,0
-3WVw1TNQbPBzaKCaQQ1AQ,3,2/22/10,1
-3WVw1TNQbPBzaKCaQQ1AQ,5,2/23/10,0
-3WVw1TNQbPBzaKCaQQ1AQ,4,2/23/10,0
-3WVw1TNQbPBzaKCaQQ1AQ,2,3/24/10,0
-3WVw1TNQbPBzaKCaQQ1AQ,4,4/28/10,1
-3WVw1TNQbPBzaKCaQQ1AQ,5,4/30/10,0
-3WVw1TNQbPBzaKCaQQ1AQ,1,5/10/10,0
-3WVw1TNQbPBzaKCaQQ1AQ,2,5/20/10,0
-3WVw1TNQbPBzaKCaQQ1AQ,4,6/5/10,0
-3WVw1TNQbPBzaKCaQQ1AQ,5,6/6/10,0
-3WVw1TNQbPBzaKCaQQ1AQ,4,6/11/10,1
-3WVw1TNQbPBzaKCaQQ1AQ,1,6/12/10,1
-3WVw1TNQbPBzaKCaQQ1AQ,5,6/28/10,0
-3WVw1TNQbPBzaKCaQQ1AQ,5,6/28/10,0
-3WVw1TNQbPBzaKCaQQ1AQ,4,6/30/10,0
-3WVw1TNQbPBzaKCaQQ1AQ,4,7/4/10,0
-3WVw1TNQbPBzaKCaQQ1AQ,4,7/26/10,0
-3WVw1TNQbPBzaKCaQQ1AQ,4,7/27/10,1
-3WVw1TNQbPBzaKCaQQ1AQ,4,7/28/10,1
-3WVw1TNQbPBzaKCaQQ1AQ,4,8/3/10,0
-3WVw1TNQbPBzaKCaQQ1AQ,4,8/6/10,0
-3WVw1TNQbPBzaKCaQQ1AQ,3,8/13/10,1
-3WVw1TNQbPBzaKCaQQ1AQ,4,8/20/10,1
-3WVw1TNQbPBzaKCaQQ1AQ,4,8/28/10,1
-3WVw1TNQbPBzaKCaQQ1AQ,3,9/17/10,1
-3WVw1TNQbPBzaKCaQQ1AQ,4,10/4/10,0
-3WVw1TNQbPBzaKCaQQ1AQ,1,10/14/10,0
-3WVw1TNQbPBzaKCaQQ1AQ,4,12/26/10,1
-3WVw1TNQbPBzaKCaQQ1AQ,4,12/28/10,0
-3WVw1TNQbPBzaKCaQQ1AQ,4,1/7/11,1
-3WVw1TNQbPBzaKCaQQ1AQ,3,1/24/11,1
-3WVw1TNQbPBzaKCaQQ1AQ,5,2/19/11,0
-3WVw1TNQbPBzaKCaQQ1AQ,4,2/20/11,0
-3WVw1TNQbPBzaKCaQQ1AQ,4,2/25/11,1
-3WVw1TNQbPBzaKCaQQ1AQ,4,3/30/11,0
-3WVw1TNQbPBzaKCaQQ1AQ,4,4/8/11,1
-3WVw1TNQbPBzaKCaQQ1AQ,4,4/10/11,0
-3WVw1TNQbPBzaKCaQQ1AQ,5,4/19/11,0
-3WVw1TNQbPBzaKCaQQ1AQ,4,5/15/11,1
-3WVw1TNQbPBzaKCaQQ1AQ,3,5/24/11,1
-3WVw1TNQbPBzaKCaQQ1AQ,4,6/5/11,0
-3WVw1TNQbPBzaKCaQQ1AQ,5,6/6/11,0
-3WVw1TNQbPBzaKCaQQ1AQ,4,6/19/11,1
-3WVw1TNQbPBzaKCaQQ1AQ,4,8/3/11,0
-3WVw1TNQbPBzaKCaQQ1AQ,2,8/9/11,0
-3WVw1TNQbPBzaKCaQQ1AQ,4,8/27/11,0
-3WVw1TNQbPBzaKCaQQ1AQ,3,8/29/11,0
-3WVw1TNQbPBzaKCaQQ1AQ,5,9/17/11,0
-3WVw1TNQbPBzaKCaQQ1AQ,3,9/28/11,1
-3WVw1TNQbPBzaKCaQQ1AQ,4,10/1/11,0
-3WVw1TNQbPBzaKCaQQ1AQ,4,10/12/11,0
-3WVw1TNQbPBzaKCaQQ1AQ,5,11/6/11,0
-3WVw1TNQbPBzaKCaQQ1AQ,3,11/11/11,1
-3WVw1TNQbPBzaKCaQQ1AQ,5,11/17/11,1
-3WVw1TNQbPBzaKCaQQ1AQ,4,11/24/11,0
-3WVw1TNQbPBzaKCaQQ1AQ,3,12/4/11,0
-3WVw1TNQbPBzaKCaQQ1AQ,4,12/22/11,0
-3WVw1TNQbPBzaKCaQQ1AQ,5,12/30/11,1
-3WVw1TNQbPBzaKCaQQ1AQ,4,1/14/12,0
-3WVw1TNQbPBzaKCaQQ1AQ,5,1/23/12,0
-3WVw1TNQbPBzaKCaQQ1AQ,4,1/25/12,0
-3WVw1TNQbPBzaKCaQQ1AQ,3,2/21/12,0
-3WVw1TNQbPBzaKCaQQ1AQ,1,3/6/12,0
-3WVw1TNQbPBzaKCaQQ1AQ,4,3/25/12,1
-3WVw1TNQbPBzaKCaQQ1AQ,4,5/2/12,0
-3WVw1TNQbPBzaKCaQQ1AQ,3,5/10/12,1
-3WVw1TNQbPBzaKCaQQ1AQ,3,5/30/12,0
-3WVw1TNQbPBzaKCaQQ1AQ,5,6/14/12,0
-3WVw1TNQbPBzaKCaQQ1AQ,4,6/17/12,0
-3WVw1TNQbPBzaKCaQQ1AQ,2,6/22/12,0
-3WVw1TNQbPBzaKCaQQ1AQ,3,6/23/12,0
-3WVw1TNQbPBzaKCaQQ1AQ,4,7/2/12,1
-3WVw1TNQbPBzaKCaQQ1AQ,5,9/2/12,1
-3WVw1TNQbPBzaKCaQQ1AQ,5,9/15/12,0
-3WVw1TNQbPBzaKCaQQ1AQ,4,9/19/12,0
-3WVw1TNQbPBzaKCaQQ1AQ,3,10/8/12,1
-3WVw1TNQbPBzaKCaQQ1AQ,5,10/19/12,0
-3WVw1TNQbPBzaKCaQQ1AQ,4,11/5/12,0
-3WVw1TNQbPBzaKCaQQ1AQ,4,12/12/12,0
-3WVw1TNQbPBzaKCaQQ1AQ,4,12/15/12,0
-3WVw1TNQbPBzaKCaQQ1AQ,4,12/30/12,0
-3WVw1TNQbPBzaKCaQQ1AQ,2,12/31/12,0
-3WVw1TNQbPBzaKCaQQ1AQ,4,1/11/13,0
-3WVw1TNQbPBzaKCaQQ1AQ,4,1/17/13,0
-3WVw1TNQbPBzaKCaQQ1AQ,5,1/31/13,0
-3WVw1TNQbPBzaKCaQQ1AQ,3,2/18/13,1
-3WVw1TNQbPBzaKCaQQ1AQ,3,2/19/13,0
-3WVw1TNQbPBzaKCaQQ1AQ,5,2/26/13,0
-3WVw1TNQbPBzaKCaQQ1AQ,5,3/4/13,0
-3WVw1TNQbPBzaKCaQQ1AQ,5,3/15/13,0
-3WVw1TNQbPBzaKCaQQ1AQ,5,3/16/13,1
-3WVw1TNQbPBzaKCaQQ1AQ,2,3/21/13,0